athlete_id,date,distance_m,moving_time_s,elev_gain_m,activities,source,synced_at
100035100,2026-09-20,88060.0,31066,322.0,6,profile,2026-10-02T06:59:16+00:00
100084812,2026-09-20,8600.0,3606,133.0,3,profile,2026-10-02T06:59:16+00:00
100260722,2026-09-20,2790.0,779,0.0,2,profile,2026-10-02T06:59:16+00:00
100332682,2026-09-20,8830.0,3447,0.0,2,profile,2026-10-02T06:59:16+00:00
100754249,2026-09-20,4930.0,2337,103.0,1,profile,2026-10-02T06:59:16+00:00
101150170,2026-09-20,4040.0,1837,90.0,1,profile,2026-10-02T06:59:16+00:00
1021407993,2026-09-20,6960.0,3247,65.0,2,profile,2026-10-02T06:59:16+00:00
1022493371,2026-09-20,4000.0,7200,0.0,1,profile,2026-10-02T06:59:16+00:00
10265375,2026-09-20,9460.0,3938,0.0,3,profile,2026-10-02T06:59:16+00:00
1032853960,2026-09-20,2570.0,1595,47.0,3,profile,2026-10-02T06:59:16+00:00
104519856,2026-09-20,7330.0,2858,109.0,2,profile,2026-10-02T06:59:16+00:00
1045617027,2026-09-20,850.0,253,0.0,1,profile,2026-10-02T06:59:16+00:00
1045810176,2026-09-20,9140.0,5875,0.0,2,profile,2026-10-02T06:59:16+00:00
104744760,2026-09-20,20670.0,8976,71.0,5,profile,2026-10-02T06:59:16+00:00
10480079,2026-09-20,4020.0,1417,0.0,1,profile,2026-10-02T06:59:16+00:00
1052869810,2026-09-20,3720.0,1877,80.0,1,profile,2026-10-02T06:59:16+00:00
1055628642,2026-09-20,9010.0,3968,0.0,3,profile,2026-10-02T06:59:16+00:00
1062319036,2026-09-20,15210.0,4964,0.0,4,profile,2026-10-02T06:59:16+00:00
106645250,2026-09-20,3000.0,924,0.0,1,profile,2026-10-02T06:59:16+00:00
106746059,2026-09-20,500.0,348,18.0,1,profile,2026-10-02T06:59:16+00:00
1067583320,2026-09-20,5090.0,2367,88.0,2,profile,2026-10-02T06:59:16+00:00
107612077,2026-09-20,8320.0,3512,92.0,2,profile,2026-10-02T06:59:16+00:00
108356210,2026-09-20,4080.0,1772,84.0,1,profile,2026-10-02T15:54:49+00:00
108546052,2026-09-20,15310.0,4544,352.0,3,profile,2026-10-02T06:59:16+00:00
1086971582,2026-09-20,5010.0,1751,112.0,1,profile,2026-10-02T06:59:16+00:00
108739043,2026-09-20,8000.0,3647,64.0,3,profile,2026-10-02T06:59:16+00:00
1100643471,2026-09-20,5620.0,2912,74.0,2,profile,2026-10-02T06:59:16+00:00
110613308,2026-09-20,22140.0,10465,0.0,4,profile,2026-10-02T06:59:16+00:00
110727058,2026-09-20,65560.0,30099,30.0,10,profile,2026-10-02T06:59:16+00:00
110858656,2026-09-20,3170.0,1175,0.0,2,profile,2026-10-02T06:59:16+00:00
1112085991,2026-09-20,4580.0,1823,105.0,1,profile,2026-10-02T06:59:16+00:00
1116840817,2026-09-20,5030.0,2314,93.0,2,profile,2026-10-02T06:59:16+00:00
112728077,2026-09-20,9260.0,3703,0.0,2,profile,2026-10-02T06:59:16+00:00
113360205,2026-09-20,4000.0,1494,86.0,1,profile,2026-10-02T06:59:16+00:00
1136557280,2026-09-20,2970.0,1264,0.0,2,profile,2026-10-02T06:59:16+00:00
114848114,2026-09-20,2400.0,734,0.0,1,profile,2026-10-02T06:59:16+00:00
115074455,2026-09-20,4320.0,3545,3.0,3,profile,2026-10-02T06:59:16+00:00
115077579,2026-09-20,3450.0,1675,309.0,1,profile,2026-10-02T06:59:16+00:00
115844534,2026-09-20,4970.0,1592,0.0,1,profile,2026-10-02T06:59:16+00:00
116168250,2026-09-20,5340.0,2513,0.0,3,profile,2026-10-02T06:59:16+00:00
1163583894,2026-09-20,2990.0,2508,38.0,1,profile,2026-10-02T06:59:16+00:00
116527976,2026-09-20,6120.0,2292,69.0,2,profile,2026-10-02T06:59:16+00:00
11683865,2026-09-20,11120.0,3720,0.0,1,profile,2026-10-02T06:59:16+00:00
1184452071,2026-09-20,6720.0,3897,0.0,2,profile,2026-10-02T06:59:16+00:00
1187293869,2026-09-20,7340.0,3014,111.0,2,profile,2026-10-02T06:59:16+00:00
118781050,2026-09-20,11940.0,4600,0.0,3,profile,2026-10-02T06:59:16+00:00
1195981575,2026-09-20,4070.0,1308,87.0,1,profile,2026-10-02T06:59:16+00:00
119629570,2026-09-20,3280.0,9494,0.0,3,profile,2026-10-02T06:59:16+00:00
120401037,2026-09-20,15540.0,6171,209.0,4,profile,2026-10-02T06:59:16+00:00
120477487,2026-09-20,8230.0,3796,190.0,2,profile,2026-10-02T06:59:16+00:00
120662764,2026-09-20,4000.0,2575,85.0,1,profile,2026-10-02T06:59:16+00:00
1210065351,2026-09-20,3320.0,1519,68.0,1,profile,2026-10-02T06:59:16+00:00
1225964204,2026-09-20,4000.0,1800,0.0,1,profile,2026-10-02T06:59:16+00:00
122674914,2026-09-20,14360.0,5374,152.0,4,profile,2026-10-02T06:59:16+00:00
123426273,2026-09-20,5880.0,4276,78.0,2,profile,2026-10-02T06:59:16+00:00
123739150,2026-09-20,14790.0,5178,102.0,3,profile,2026-10-02T06:59:16+00:00
124271794,2026-09-20,5210.0,1783,114.0,1,profile,2026-10-02T06:59:16+00:00
1254453117,2026-09-20,7020.0,3369,116.0,2,profile,2026-10-02T06:59:16+00:00
1263543943,2026-09-20,4000.0,1800,0.0,1,profile,2026-10-02T06:59:16+00:00
1264472785,2026-09-20,10310.0,3848,91.0,2,profile,2026-10-02T06:59:16+00:00
1266885889,2026-09-20,0.0,11,0.0,1,profile,2026-10-02T06:59:16+00:00
1268235870,2026-09-20,6910.0,3720,101.0,2,profile,2026-10-02T06:59:16+00:00
126913964,2026-09-20,5070.0,1911,0.0,1,profile,2026-10-02T06:59:16+00:00
127939240,2026-09-20,52130.0,33024,628.0,27,profile,2026-10-02T06:59:16+00:00
128170970,2026-09-20,2000.0,953,0.0,1,profile,2026-10-02T06:59:16+00:00
128205328,2026-09-20,8510.0,2955,0.0,2,profile,2026-10-02T06:59:16+00:00
132124444,2026-09-20,11520.0,4738,0.0,4,profile,2026-10-02T06:59:16+00:00
132628474,2026-09-20,3210.0,1104,65.0,2,profile,2026-10-02T06:59:16+00:00
133017837,2026-09-20,9090.0,3095,0.0,2,profile,2026-10-02T06:59:16+00:00
1331939347,2026-09-20,13270.0,5914,151.0,4,profile,2026-10-02T06:59:16+00:00
133470756,2026-09-20,10410.0,4120,106.0,3,profile,2026-10-02T06:59:16+00:00
135809326,2026-09-20,9220.0,3658,100.0,2,profile,2026-10-02T06:59:16+00:00
136348773,2026-09-20,4110.0,1860,89.0,1,profile,2026-10-02T06:59:16+00:00
1365350239,2026-09-20,2500.0,1982,28.0,1,profile,2026-10-02T06:59:16+00:00
136696478,2026-09-20,5690.0,2903,74.0,2,profile,2026-10-02T06:59:16+00:00
138151922,2026-09-20,6820.0,3298,101.0,2,profile,2026-10-02T06:59:16+00:00
138950118,2026-09-20,11190.0,4603,109.0,3,profile,2026-10-02T06:59:16+00:00
139521986,2026-09-20,5750.0,3433,81.0,2,profile,2026-10-02T06:59:16+00:00
1400184214,2026-09-20,10910.0,5595,70.0,3,profile,2026-10-02T06:59:16+00:00
140805267,2026-09-20,9560.0,3369,0.0,3,profile,2026-10-02T06:59:16+00:00
141358214,2026-09-20,15650.0,4796,0.0,3,profile,2026-10-02T06:59:16+00:00
141567060,2026-09-20,2600.0,1178,53.0,1,profile,2026-10-02T06:59:16+00:00
142658674,2026-09-20,5200.0,1880,0.0,1,profile,2026-10-02T06:59:16+00:00
143147118,2026-09-20,6120.0,4103,0.0,2,profile,2026-10-02T06:59:16+00:00
143369719,2026-09-20,6350.0,3082,116.0,2,profile,2026-10-02T06:59:16+00:00
1433924818,2026-09-20,16920.0,11070,0.0,4,profile,2026-10-02T06:59:16+00:00
143906121,2026-09-20,15950.0,6208,83.0,2,profile,2026-10-02T06:59:16+00:00
144127293,2026-09-20,10160.0,5700,0.0,1,profile,2026-10-02T06:59:16+00:00
1447891160,2026-09-20,8570.0,3496,97.0,2,profile,2026-10-02T06:59:16+00:00
145487234,2026-09-20,2460.0,1125,50.0,1,profile,2026-10-02T06:59:16+00:00
145639218,2026-09-20,36150.0,15814,144.0,7,profile,2026-10-02T06:59:16+00:00
146502370,2026-09-20,21610.0,6365,244.0,2,profile,2026-10-02T06:59:16+00:00
1466791161,2026-09-20,2440.0,1058,0.0,1,profile,2026-10-02T06:59:16+00:00
1467341794,2026-09-20,11710.0,7791,143.0,10,profile,2026-10-02T06:59:16+00:00
1483511386,2026-09-20,1670.0,610,0.0,1,profile,2026-10-02T06:59:16+00:00
148422429,2026-09-20,8470.0,3319,0.0,2,profile,2026-10-02T06:59:16+00:00
1484419724,2026-09-20,6500.0,2769,117.0,2,profile,2026-10-02T06:59:16+00:00
148683659,2026-09-20,5930.0,3088,77.0,2,profile,2026-10-02T06:59:16+00:00
1490218349,2026-09-20,4140.0,1836,91.0,1,profile,2026-10-02T06:59:16+00:00
150662631,2026-09-20,21090.0,7436,0.0,5,profile,2026-10-02T06:59:16+00:00
150713780,2026-09-20,4150.0,1743,89.0,1,profile,2026-10-02T06:59:16+00:00
150739400,2026-09-20,7580.0,3255,0.0,3,profile,2026-10-02T06:59:16+00:00
15091569,2026-09-20,23870.0,8716,0.0,4,profile,2026-10-02T06:59:16+00:00
151601377,2026-09-20,7370.0,4015,159.0,2,profile,2026-10-02T06:59:16+00:00
151738622,2026-09-20,12660.0,5587,0.0,3,profile,2026-10-02T06:59:16+00:00
151797732,2026-09-20,11530.0,3741,66.0,2,profile,2026-10-02T06:59:16+00:00
151865501,2026-09-20,11940.0,12132,3.0,5,profile,2026-10-02T06:59:16+00:00
152392967,2026-09-20,6140.0,3395,78.0,2,profile,2026-10-02T06:59:16+00:00
1526822034,2026-09-20,6720.0,3422,103.0,2,profile,2026-10-02T06:59:16+00:00
1527214507,2026-09-20,4000.0,1800,0.0,1,profile,2026-10-02T06:59:16+00:00
153672632,2026-09-20,890.0,460,0.0,1,profile,2026-10-02T06:59:16+00:00
154079240,2026-09-20,4100.0,1789,90.0,1,profile,2026-10-02T06:59:16+00:00
154154947,2026-09-20,7650.0,3431,109.0,2,profile,2026-10-02T06:59:16+00:00
1545319133,2026-09-20,4000.0,1800,0.0,1,profile,2026-10-02T06:59:16+00:00
154618341,2026-09-20,12000.0,4440,0.0,1,profile,2026-10-02T06:59:16+00:00
1547329003,2026-09-20,29170.0,23712,199.0,12,profile,2026-10-02T06:59:16+00:00
155939935,2026-09-20,4620.0,2690,0.0,1,profile,2026-10-02T06:59:16+00:00
1566906229,2026-09-20,12440.0,6862,107.0,3,profile,2026-10-02T06:59:16+00:00
157502017,2026-09-20,29450.0,12428,0.0,3,profile,2026-10-02T06:59:16+00:00
157900821,2026-09-20,17540.0,8446,96.0,5,profile,2026-10-02T06:59:16+00:00
157934075,2026-09-20,7030.0,3960,0.0,1,profile,2026-10-02T06:59:16+00:00
158225435,2026-09-20,4000.0,1633,0.0,1,profile,2026-10-02T06:59:16+00:00
159220662,2026-09-20,5160.0,1870,113.0,1,profile,2026-10-02T06:59:16+00:00
1598227059,2026-09-20,7550.0,3193,123.0,2,profile,2026-10-02T06:59:16+00:00
160085499,2026-09-20,5800.0,2063,0.0,2,profile,2026-10-02T06:59:16+00:00
160178967,2026-09-20,4000.0,1800,0.0,1,profile,2026-10-02T06:59:16+00:00
1604453745,2026-09-20,5000.0,1886,108.0,1,profile,2026-10-02T06:59:16+00:00
161108639,2026-09-20,2510.0,846,0.0,1,profile,2026-10-02T06:59:16+00:00
161831314,2026-09-20,10810.0,4274,195.0,4,profile,2026-10-02T06:59:16+00:00
162397498,2026-09-20,4700.0,2331,92.0,1,profile,2026-10-02T06:59:16+00:00
1625670666,2026-09-20,4000.0,1800,0.0,1,profile,2026-10-02T06:59:16+00:00
162695054,2026-09-20,4540.0,1928,95.0,1,profile,2026-10-02T06:59:16+00:00
162779719,2026-09-20,4470.0,1801,0.0,1,profile,2026-10-02T06:59:16+00:00
162966107,2026-09-20,5020.0,1951,105.0,1,profile,2026-10-02T06:59:16+00:00
164759981,2026-09-20,20730.0,21284,10.0,14,profile,2026-10-02T06:59:16+00:00
1658679384,2026-09-20,6790.0,2632,0.0,5,profile,2026-10-02T06:59:16+00:00
167481803,2026-09-20,36630.0,8785,0.0,6,profile,2026-10-02T06:59:16+00:00
167876473,2026-09-20,2170.0,1516,46.0,1,profile,2026-10-02T06:59:16+00:00
1693285525,2026-09-20,10200.0,4919,166.0,3,profile,2026-10-02T06:59:16+00:00
170122786,2026-09-20,4620.0,2508,99.0,1,profile,2026-10-02T06:59:16+00:00
170250108,2026-09-20,2620.0,1342,0.0,1,profile,2026-10-02T06:59:16+00:00
170911566,2026-09-20,3560.0,964,0.0,2,profile,2026-10-02T14:47:25+00:00
171043001,2026-09-20,18150.0,6017,0.0,4,profile,2026-10-02T06:59:16+00:00
171074942,2026-09-20,6020.0,2655,66.0,2,profile,2026-10-02T06:59:16+00:00
1715534922,2026-09-20,10010.0,4800,0.0,1,profile,2026-10-02T06:59:16+00:00
171954993,2026-09-20,2220.0,1099,73.0,1,profile,2026-10-02T06:59:16+00:00
172502861,2026-09-20,5490.0,1829,108.0,1,profile,2026-10-02T06:59:16+00:00
172677290,2026-09-20,2340.0,660,0.0,1,profile,2026-10-02T06:59:16+00:00
172978948,2026-09-20,2460.0,622,73.0,1,profile,2026-10-02T06:59:16+00:00
173103307,2026-09-20,6490.0,1976,0.0,2,profile,2026-10-02T06:59:16+00:00
173263106,2026-09-20,4090.0,1481,85.0,1,profile,2026-10-02T06:59:16+00:00
1744500732,2026-09-20,6290.0,2951,85.0,2,profile,2026-10-02T06:59:16+00:00
174491148,2026-09-20,2090.0,625,0.0,1,profile,2026-10-02T06:59:16+00:00
174628006,2026-09-20,14840.0,6164,263.0,4,profile,2026-10-02T06:59:16+00:00
1746450647,2026-09-20,10430.0,5654,202.0,3,profile,2026-10-02T06:59:16+00:00
174687887,2026-09-20,6500.0,2976,92.0,2,profile,2026-10-02T06:59:16+00:00
174765734,2026-09-20,2600.0,1198,0.0,1,profile,2026-10-02T06:59:16+00:00
175467778,2026-09-20,2110.0,1047,0.0,1,profile,2026-10-02T06:59:16+00:00
175752894,2026-09-20,5600.0,2459,75.0,2,profile,2026-10-02T06:59:16+00:00
175797510,2026-09-20,5010.0,2161,0.0,1,profile,2026-10-02T06:59:16+00:00
176110027,2026-09-20,12280.0,4594,202.0,4,profile,2026-10-02T06:59:16+00:00
176997200,2026-09-20,6050.0,2406,41.0,2,profile,2026-10-02T06:59:16+00:00
1771912550,2026-09-20,10930.0,10283,99.0,3,profile,2026-10-02T06:59:16+00:00
177200721,2026-09-20,10380.0,4171,155.0,3,profile,2026-10-02T06:59:16+00:00
1774908317,2026-09-20,4030.0,2755,15.0,1,profile,2026-10-02T06:59:16+00:00
177612856,2026-09-20,24350.0,7105,112.0,5,profile,2026-10-02T06:59:16+00:00
179989600,2026-09-20,24770.0,14196,108.0,5,profile,2026-10-02T06:59:16+00:00
181000486,2026-09-20,12150.0,4678,107.0,3,profile,2026-10-02T06:59:16+00:00
183732476,2026-09-20,3450.0,1809,75.0,1,profile,2026-10-02T06:59:16+00:00
184003811,2026-09-20,11360.0,5358,0.0,3,profile,2026-10-02T06:59:16+00:00
18447136,2026-09-20,3290.0,1055,0.0,1,profile,2026-10-02T06:59:16+00:00
1847934457,2026-09-20,2190.0,1264,0.0,2,profile,2026-10-02T06:59:16+00:00
1856298974,2026-09-20,2790.0,1045,0.0,1,profile,2026-10-02T06:59:16+00:00
186300263,2026-09-20,9690.0,3060,0.0,2,profile,2026-10-02T06:59:16+00:00
187312771,2026-09-20,5050.0,1631,0.0,1,profile,2026-10-02T06:59:16+00:00
1884997278,2026-09-20,6010.0,2588,88.0,2,profile,2026-10-02T06:59:16+00:00
188794616,2026-09-20,6490.0,2531,0.0,2,profile,2026-10-02T06:59:16+00:00
189013681,2026-09-20,5970.0,2564,79.0,2,profile,2026-10-02T06:59:16+00:00
189069646,2026-09-20,17620.0,7513,357.0,6,profile,2026-10-02T06:59:16+00:00
189282346,2026-09-20,2730.0,788,0.0,1,profile,2026-10-02T06:59:16+00:00
189299082,2026-09-20,9100.0,4598,0.0,2,profile,2026-10-02T06:59:16+00:00
189552040,2026-09-20,2770.0,1500,0.0,1,profile,2026-10-02T06:59:16+00:00
190439145,2026-09-20,4500.0,1546,0.0,1,profile,2026-10-02T06:59:16+00:00
190591166,2026-09-20,4020.0,1686,86.0,1,profile,2026-10-02T06:59:16+00:00
1911026649,2026-09-20,5170.0,4003,64.0,2,profile,2026-10-02T06:59:16+00:00
191332072,2026-09-20,6930.0,2924,101.0,2,profile,2026-10-02T06:59:16+00:00
191683420,2026-09-20,5180.0,2179,106.0,1,profile,2026-10-02T06:59:16+00:00
191683956,2026-09-20,1860.0,977,0.0,2,profile,2026-10-02T06:59:16+00:00
191760333,2026-09-20,6560.0,2534,0.0,2,profile,2026-10-02T06:59:16+00:00
191939928,2026-09-20,6490.0,2842,102.0,2,profile,2026-10-02T06:59:16+00:00
192142661,2026-09-20,17030.0,8520,185.0,6,profile,2026-10-02T06:59:16+00:00
192170719,2026-09-20,62220.0,29644,112.0,5,profile,2026-10-02T06:59:16+00:00
192235897,2026-09-20,55130.0,23820,393.0,1,profile,2026-10-02T06:59:16+00:00
192512132,2026-09-20,24200.0,8556,100.0,17,profile,2026-10-02T06:59:16+00:00
192667624,2026-09-20,10010.0,4537,86.0,3,profile,2026-10-02T06:59:16+00:00
193277278,2026-09-20,8060.0,3248,0.0,2,profile,2026-10-02T06:59:16+00:00
193386119,2026-09-20,5150.0,1800,0.0,1,profile,2026-10-02T06:59:16+00:00
1937857971,2026-09-20,11550.0,5614,107.0,3,profile,2026-10-02T06:59:16+00:00
193885435,2026-09-20,5000.0,1816,0.0,1,profile,2026-10-02T06:59:16+00:00
194634355,2026-09-20,4060.0,1325,92.0,1,profile,2026-10-02T06:59:16+00:00
195412199,2026-09-20,2190.0,1149,0.0,1,profile,2026-10-02T06:59:16+00:00
195798436,2026-09-20,1600.0,826,31.0,1,profile,2026-10-02T06:59:16+00:00
1960066784,2026-09-20,9300.0,4127,107.0,2,profile,2026-10-02T06:59:16+00:00
196113629,2026-09-20,2930.0,1225,0.0,1,profile,2026-10-02T06:59:16+00:00
196122264,2026-09-20,4000.0,1995,59.0,2,profile,2026-10-02T06:59:16+00:00
196395868,2026-09-20,11870.0,4961,155.0,3,profile,2026-10-02T06:59:16+00:00
196594668,2026-09-20,6210.0,3050,85.0,2,profile,2026-10-02T06:59:16+00:00
196679115,2026-09-20,2400.0,778,54.0,1,profile,2026-10-02T06:59:16+00:00
19669900,2026-09-20,3040.0,1279,0.0,1,profile,2026-10-02T06:59:16+00:00
1975053728,2026-09-20,15060.0,5058,0.0,3,profile,2026-10-02T06:59:16+00:00
197511646,2026-09-20,1590.0,621,0.0,2,profile,2026-10-02T06:59:16+00:00
197915835,2026-09-20,5670.0,2011,75.0,2,profile,2026-10-02T06:59:16+00:00
197963991,2026-09-20,5260.0,1923,111.0,1,profile,2026-10-02T06:59:16+00:00
1990613575,2026-09-20,23730.0,10989,150.0,6,profile,2026-10-02T06:59:16+00:00
200824738,2026-09-20,8260.0,3343,110.0,2,profile,2026-10-02T06:59:16+00:00
201962190,2026-09-20,3820.0,1614,82.0,2,profile,2026-10-02T06:59:16+00:00
2033813827,2026-09-20,6840.0,2913,109.0,2,profile,2026-10-02T06:59:16+00:00
203782547,2026-09-20,8490.0,3239,0.0,1,profile,2026-10-02T06:59:16+00:00
203802378,2026-09-20,14300.0,5710,0.0,3,profile,2026-10-02T06:59:16+00:00
203962651,2026-09-20,7140.0,2973,111.0,2,profile,2026-10-02T06:59:16+00:00
204262058,2026-09-20,4090.0,1513,81.0,1,profile,2026-10-02T06:59:16+00:00
2045659159,2026-09-20,6230.0,3690,89.0,2,profile,2026-10-02T06:59:16+00:00
2048047143,2026-09-20,7100.0,3159,90.0,4,profile,2026-10-02T06:59:16+00:00
2048163077,2026-09-20,11970.0,4441,157.0,3,profile,2026-10-02T06:59:16+00:00
2048301595,2026-09-20,5010.0,1481,0.0,1,profile,2026-10-02T06:59:16+00:00
2048307954,2026-09-20,16440.0,6172,0.0,2,profile,2026-10-02T06:59:16+00:00
2048372368,2026-09-20,4000.0,1809,0.0,1,profile,2026-10-02T06:59:16+00:00
205755605,2026-09-20,10020.0,3814,0.0,2,profile,2026-10-02T06:59:16+00:00
205806167,2026-09-20,7070.0,3136,104.0,2,profile,2026-10-02T06:59:16+00:00
205925600,2026-09-20,4000.0,1800,0.0,1,profile,2026-10-02T06:59:16+00:00
206593849,2026-09-20,6680.0,2833,107.0,2,profile,2026-10-02T06:59:16+00:00
207082437,2026-09-20,5930.0,2594,80.0,2,profile,2026-10-02T06:59:16+00:00
20866687,2026-09-20,3040.0,1033,0.0,1,profile,2026-10-02T06:59:16+00:00
22751016,2026-09-20,7250.0,3085,95.0,2,profile,2026-10-02T06:59:16+00:00
23119791,2026-09-20,3680.0,1417,0.0,1,profile,2026-10-02T06:59:16+00:00
24255160,2026-09-20,47170.0,16947,0.0,7,profile,2026-10-02T06:59:16+00:00
27521574,2026-09-20,14760.0,5786,0.0,3,profile,2026-10-02T06:59:16+00:00
27799486,2026-09-20,95160.0,30415,0.0,15,profile,2026-10-02T06:59:16+00:00
28251876,2026-09-20,4930.0,3656,83.0,4,profile,2026-10-02T06:59:16+00:00
29786655,2026-09-20,12010.0,3521,0.0,1,profile,2026-10-02T06:59:16+00:00
311541283,2026-09-20,4240.0,1825,100.0,1,profile,2026-10-02T06:59:16+00:00
32097458,2026-09-20,4030.0,1397,0.0,1,profile,2026-10-06T03:47:26+00:00
321618515,2026-09-20,4600.0,1933,75.0,2,profile,2026-10-02T06:59:16+00:00
342021277,2026-09-20,5000.0,1983,109.0,1,profile,2026-10-02T06:59:16+00:00
363624620,2026-09-20,5680.0,3036,75.0,2,profile,2026-10-02T06:59:16+00:00
40109055,2026-09-20,39860.0,14843,0.0,6,profile,2026-10-02T06:59:16+00:00
405251015,2026-09-20,12000.0,6317,62.0,3,profile,2026-10-02T06:59:16+00:00
428335349,2026-09-20,7060.0,2943,103.0,2,profile,2026-10-02T06:59:16+00:00
442384698,2026-09-20,4100.0,1800,0.0,1,profile,2026-10-02T06:59:16+00:00
448160509,2026-09-20,4000.0,1860,0.0,1,profile,2026-10-02T06:59:16+00:00
453149182,2026-09-20,4000.0,1800,0.0,1,profile,2026-10-02T06:59:16+00:00
457061847,2026-09-20,13920.0,5592,100.0,5,profile,2026-10-02T06:59:16+00:00
46494932,2026-09-20,7680.0,3283,0.0,2,profile,2026-10-02T06:59:16+00:00
467716159,2026-09-20,3860.0,1854,83.0,1,profile,2026-10-02T06:59:16+00:00
47562289,2026-09-20,6680.0,1857,140.0,1,profile,2026-10-02T06:59:16+00:00
493938779,2026-09-20,4000.0,1800,0.0,1,profile,2026-10-02T06:59:16+00:00
50087178,2026-09-20,17350.0,7735,193.0,3,profile,2026-10-02T06:59:16+00:00
518303998,2026-09-20,8510.0,3630,179.0,2,profile,2026-10-02T06:59:16+00:00
52120469,2026-09-20,9630.0,3900,0.0,1,profile,2026-10-02T06:59:16+00:00
545979986,2026-09-20,4100.0,1800,0.0,1,profile,2026-10-02T06:59:16+00:00
553225496,2026-09-20,4880.0,1950,103.0,1,profile,2026-10-02T06:59:16+00:00
563743137,2026-09-20,5820.0,3132,79.0,2,profile,2026-10-02T06:59:16+00:00
564463530,2026-09-20,17280.0,7007,236.0,5,profile,2026-10-02T06:59:16+00:00
578477417,2026-09-20,9710.0,5748,78.0,3,profile,2026-10-02T06:59:16+00:00
61688773,2026-09-20,7400.0,2606,112.0,2,profile,2026-10-02T06:59:16+00:00
619192671,2026-09-20,21710.0,17040,294.0,2,profile,2026-10-02T06:59:16+00:00
624792231,2026-09-20,6710.0,3342,87.0,2,profile,2026-10-02T06:59:16+00:00
636557046,2026-09-20,4180.0,1493,94.0,1,profile,2026-10-02T06:59:16+00:00
64519239,2026-09-20,15660.0,5898,189.0,5,profile,2026-10-02T06:59:16+00:00
65548123,2026-09-20,44590.0,15652,0.0,6,profile,2026-10-02T06:59:16+00:00
666291145,2026-09-20,6810.0,2891,109.0,2,profile,2026-10-02T06:59:16+00:00
66686182,2026-09-20,4000.0,1800,0.0,1,profile,2026-10-02T06:59:16+00:00
66797450,2026-09-20,13800.0,5979,196.0,4,profile,2026-10-02T06:59:16+00:00
673201440,2026-09-20,2980.0,977,61.0,1,profile,2026-10-02T06:59:16+00:00
68100013,2026-09-20,4250.0,1249,45.0,4,profile,2026-10-02T06:59:16+00:00
69248105,2026-09-20,14720.0,6006,177.0,4,profile,2026-10-02T06:59:16+00:00
70370600,2026-09-20,12720.0,5018,0.0,4,profile,2026-10-02T06:59:16+00:00
7099765,2026-09-20,21430.0,8298,0.0,3,profile,2026-10-02T06:59:16+00:00
71374919,2026-09-20,4980.0,1817,97.0,2,profile,2026-10-02T06:59:16+00:00
71492207,2026-09-20,4100.0,1456,0.0,1,profile,2026-10-02T06:59:16+00:00
72823803,2026-09-20,6040.0,3038,82.0,2,profile,2026-10-02T06:59:16+00:00
728364162,2026-09-20,11050.0,4077,0.0,2,profile,2026-10-02T06:59:16+00:00
738209874,2026-09-20,11150.0,5029,100.0,3,profile,2026-10-02T06:59:16+00:00
75022646,2026-09-20,4840.0,2572,106.0,1,profile,2026-10-02T06:59:16+00:00
75965267,2026-09-20,45790.0,15432,0.0,7,profile,2026-10-02T06:59:16+00:00
769156342,2026-09-20,5180.0,2070,61.0,2,profile,2026-10-02T06:59:16+00:00
772349693,2026-09-20,4020.0,1665,69.0,2,profile,2026-10-02T06:59:16+00:00
77749742,2026-09-20,29920.0,12036,75.0,7,profile,2026-10-02T06:59:16+00:00
78226318,2026-09-20,7200.0,2406,108.0,2,profile,2026-10-02T06:59:16+00:00
78433615,2026-09-20,6890.0,2950,99.0,2,profile,2026-10-02T06:59:16+00:00
78712341,2026-09-20,4000.0,1800,0.0,1,profile,2026-10-02T06:59:16+00:00
78755580,2026-09-20,17240.0,6942,0.0,5,profile,2026-10-02T06:59:16+00:00
78839312,2026-09-20,9270.0,2954,0.0,2,profile,2026-10-02T06:59:16+00:00
79214730,2026-09-20,5980.0,2753,84.0,2,profile,2026-10-02T06:59:16+00:00
79562714,2026-09-20,7260.0,3243,99.0,2,profile,2026-10-02T06:59:16+00:00
79725515,2026-09-20,7640.0,2972,0.0,2,profile,2026-10-02T06:59:16+00:00
79730738,2026-09-20,1610.0,414,0.0,1,profile,2026-10-02T06:59:16+00:00
79840635,2026-09-20,2460.0,744,0.0,1,profile,2026-10-02T06:59:16+00:00
79881725,2026-09-20,5270.0,1818,117.0,1,profile,2026-10-02T06:59:16+00:00
80165995,2026-09-20,4100.0,1800,0.0,1,profile,2026-10-02T06:59:16+00:00
80356918,2026-09-20,2740.0,868,0.0,1,profile,2026-10-02T06:59:16+00:00
80529470,2026-09-20,4810.0,1879,98.0,1,profile,2026-10-02T06:59:16+00:00
80643624,2026-09-20,8070.0,1514,39.0,4,profile,2026-10-02T06:59:16+00:00
81601240,2026-09-20,4000.0,1800,0.0,1,profile,2026-10-02T06:59:16+00:00
81685787,2026-09-20,3300.0,1551,64.0,1,profile,2026-10-02T06:59:16+00:00
81778281,2026-09-20,8900.0,5858,0.0,2,profile,2026-10-02T06:59:16+00:00
82197781,2026-09-20,13520.0,5167,0.0,2,profile,2026-10-02T06:59:16+00:00
82226994,2026-09-20,1970.0,737,0.0,1,profile,2026-10-02T06:59:16+00:00
83920919,2026-09-20,19550.0,12211,0.0,5,profile,2026-10-02T06:59:16+00:00
84097989,2026-09-20,20050.0,14323,164.0,21,profile,2026-10-02T06:59:16+00:00
84341125,2026-09-20,8920.0,3511,0.0,3,profile,2026-10-02T06:59:16+00:00
84797425,2026-09-20,13000.0,5495,0.0,3,profile,2026-10-02T06:59:16+00:00
848542700,2026-09-20,4000.0,1800,0.0,1,profile,2026-10-02T06:59:16+00:00
85321513,2026-09-20,7340.0,2371,0.0,2,profile,2026-10-02T06:59:16+00:00
85400772,2026-09-20,11340.0,3666,109.0,2,profile,2026-10-02T06:59:16+00:00
85567976,2026-09-20,7780.0,2742,0.0,2,profile,2026-10-02T06:59:16+00:00
85736624,2026-09-20,26510.0,23390,678.0,10,profile,2026-10-02T06:59:16+00:00
85806908,2026-09-20,4140.0,1837,89.0,1,profile,2026-10-02T06:59:16+00:00
85932943,2026-09-20,52680.0,22500,0.0,4,profile,2026-10-02T06:59:16+00:00
86038871,2026-09-20,7530.0,2945,0.0,2,profile,2026-10-02T06:59:16+00:00
86838614,2026-09-20,9300.0,4576,78.0,6,profile,2026-10-02T06:59:16+00:00
87276442,2026-09-20,11420.0,4704,0.0,4,profile,2026-10-02T06:59:16+00:00
878275442,2026-09-20,5220.0,4173,0.0,3,profile,2026-10-02T06:59:16+00:00
88141864,2026-09-20,7820.0,3032,0.0,2,profile,2026-10-02T06:59:16+00:00
88199922,2026-09-20,55160.0,32441,732.0,12,profile,2026-10-02T06:59:16+00:00
882080520,2026-09-20,4140.0,1484,0.0,1,profile,2026-10-02T06:59:16+00:00
88220077,2026-09-20,6460.0,2840,101.0,2,profile,2026-10-02T06:59:16+00:00
88234067,2026-09-20,7910.0,3460,96.0,3,profile,2026-10-02T06:59:16+00:00
89357728,2026-09-20,18550.0,8351,0.0,7,profile,2026-10-02T06:59:16+00:00
90503677,2026-09-20,2800.0,1414,0.0,2,profile,2026-10-02T06:59:16+00:00
906570432,2026-09-20,7280.0,3430,0.0,2,profile,2026-10-02T06:59:16+00:00
91343174,2026-09-20,3020.0,981,0.0,1,profile,2026-10-02T06:59:16+00:00
91348499,2026-09-20,16940.0,8284,0.0,6,profile,2026-10-02T06:59:16+00:00
92466443,2026-09-20,3010.0,844,0.0,1,profile,2026-10-02T06:59:16+00:00
92960264,2026-09-20,53460.0,33795,123.0,9,profile,2026-10-02T06:59:16+00:00
932417808,2026-09-20,5860.0,3041,84.0,2,profile,2026-10-02T06:59:16+00:00
94231927,2026-09-20,4420.0,1847,0.0,1,profile,2026-10-02T06:59:16+00:00
94746647,2026-09-20,6000.0,1899,0.0,1,profile,2026-10-02T06:59:16+00:00
95167777,2026-09-20,2350.0,1302,0.0,1,profile,2026-10-02T06:59:16+00:00
95413681,2026-09-20,5670.0,2913,81.0,2,profile,2026-10-02T06:59:16+00:00
95546234,2026-09-20,2420.0,611,46.0,1,profile,2026-10-02T06:59:16+00:00
960965393,2026-09-20,5010.0,2394,104.0,1,profile,2026-10-02T06:59:16+00:00
964360293,2026-09-20,6590.0,3092,107.0,2,profile,2026-10-02T06:59:16+00:00
973907811,2026-09-20,4040.0,1385,42.0,2,profile,2026-10-02T06:59:16+00:00
976304399,2026-09-20,4500.0,1814,95.0,1,profile,2026-10-02T06:59:16+00:00
98501936,2026-09-20,7710.0,2576,116.0,2,profile,2026-10-02T06:59:16+00:00
99068373,2026-09-20,4000.0,1800,0.0,1,profile,2026-10-02T06:59:16+00:00
994887031,2026-09-20,6390.0,3144,90.0,2,profile,2026-10-02T06:59:16+00:00
99536214,2026-09-20,2460.0,1453,0.0,2,profile,2026-10-02T06:59:16+00:00
100035100,2026-09-27,158360.0,54106,344.0,13,leaderboard,2026-10-04T15:55:45+00:00
100084812,2026-09-27,16940.0,6543,302.0,6,profile,2026-10-04T15:55:45+00:00
100332682,2026-09-27,18570.0,6823,0.0,3,profile,2026-10-04T15:55:45+00:00
100477885,2026-09-27,9460.0,4443,74.0,4,profile,2026-10-04T15:55:45+00:00
100754249,2026-09-27,10790.0,7939,103.0,4,profile,2026-10-04T15:55:45+00:00
100767254,2026-09-27,16900.0,6180,104.0,4,leaderboard,2026-10-04T15:55:45+00:00
1021407993,2026-09-27,17010.0,6184,65.0,3,profile,2026-10-04T15:55:45+00:00
10265375,2026-09-27,64560.0,62318,4144.0,6,leaderboard,2026-10-04T15:55:45+00:00
1032853960,2026-09-27,25270.0,13715,344.0,11,leaderboard,2026-10-04T15:55:45+00:00
104017126,2026-09-27,8880.0,3933,0.0,2,profile,2026-10-04T15:55:45+00:00
104519856,2026-09-27,14870.0,5490,109.0,5,profile,2026-10-04T15:55:45+00:00
1045810176,2026-09-27,20680.0,10177,177.0,6,profile,2026-10-04T15:55:45+00:00
104744760,2026-09-27,25880.0,11025,71.0,6,profile,2026-10-04T15:55:45+00:00
10480079,2026-09-27,8040.0,2910,0.0,2,profile,2026-10-04T15:55:45+00:00
1052869810,2026-09-27,12930.0,5718,226.0,4,profile,2026-10-04T15:55:45+00:00
106645250,2026-09-27,13010.0,4524,0.0,2,profile,2026-10-04T15:55:45+00:00
1067583320,2026-09-27,12800.0,5803,200.0,5,profile,2026-10-04T15:55:45+00:00
108546052,2026-09-27,30410.0,8864,632.0,6,leaderboard,2026-10-04T15:55:45+00:00
109313656,2026-09-27,18600.0,10020,304.0,3,leaderboard,2026-10-04T15:55:45+00:00
109475426,2026-09-27,22700.0,7560,347.0,4,leaderboard,2026-10-04T15:55:45+00:00
1100643471,2026-09-27,25620.0,19832,301.0,15,leaderboard,2026-10-04T15:55:45+00:00
110613308,2026-09-27,67340.0,33814,0.0,9,profile,2026-10-04T15:55:45+00:00
110727058,2026-09-27,132960.0,58839,1228.0,18,leaderboard,2026-10-04T15:55:45+00:00
110858656,2026-09-27,10800.0,4058,0.0,3,profile,2026-10-04T15:55:45+00:00
1112085991,2026-09-27,11490.0,4613,199.0,3,profile,2026-10-04T15:55:45+00:00
111239944,2026-09-27,22100.0,8220,41.0,3,leaderboard,2026-10-04T15:55:45+00:00
1116840817,2026-09-27,14040.0,5634,203.0,7,profile,2026-10-04T15:55:45+00:00
112728077,2026-09-27,12220.0,4892,0.0,3,profile,2026-10-04T15:55:45+00:00
113362000,2026-09-27,12000.0,3780,233.0,2,leaderboard,2026-10-04T15:55:45+00:00
114308377,2026-09-27,6850.0,3804,142.0,3,profile,2026-10-04T15:55:45+00:00
114848114,2026-09-27,9480.0,4032,110.0,4,profile,2026-10-04T15:55:45+00:00
115074455,2026-09-27,7540.0,5637,3.0,5,profile,2026-10-04T15:55:45+00:00
1157168369,2026-09-27,7730.0,4774,138.0,5,profile,2026-10-04T15:55:45+00:00
116011578,2026-09-27,26100.0,8280,49.0,3,leaderboard,2026-10-04T15:55:45+00:00
116168250,2026-09-27,13610.0,12817,0.0,6,profile,2026-10-04T15:55:45+00:00
1163583894,2026-09-27,7000.0,6528,38.0,2,profile,2026-10-04T15:55:45+00:00
116462994,2026-09-27,29500.0,4740,334.0,4,leaderboard,2026-10-03T15:55:47+00:00
11683865,2026-09-27,15550.0,5190,93.0,2,profile,2026-10-04T15:55:45+00:00
118683730,2026-09-27,17900.0,10560,12.0,3,leaderboard,2026-10-04T15:55:45+00:00
1187293869,2026-09-27,12470.0,5097,111.0,4,profile,2026-10-04T15:55:45+00:00
118781050,2026-09-27,18760.0,8668,35.0,6,profile,2026-10-04T15:55:45+00:00
1195981575,2026-09-27,9870.0,3053,87.0,2,profile,2026-10-04T15:55:45+00:00
119629570,2026-09-27,6860.0,13119,20.0,5,profile,2026-10-04T15:55:45+00:00
1202632109,2026-09-27,9600.0,4510,174.0,4,profile,2026-10-04T15:55:45+00:00
120401037,2026-09-27,30040.0,12111,422.0,8,leaderboard,2026-10-04T15:55:45+00:00
120477487,2026-09-27,28230.0,11716,474.0,4,leaderboard,2026-10-04T15:55:45+00:00
120662764,2026-09-27,10000.0,6175,152.0,2,profile,2026-10-04T15:55:45+00:00
1210065351,2026-09-27,8840.0,3772,183.0,3,profile,2026-10-04T15:55:45+00:00
1214400201,2026-09-27,8450.0,6841,116.0,3,profile,2026-10-04T15:55:45+00:00
122172917,2026-09-27,14800.0,7560,64.0,3,leaderboard,2026-10-04T15:55:45+00:00
1223997665,2026-09-27,10080.0,3941,232.0,5,profile,2026-10-04T15:55:45+00:00
122661059,2026-09-27,14600.0,5460,84.0,3,leaderboard,2026-10-04T15:55:45+00:00
122674914,2026-09-27,24710.0,9605,341.0,8,profile,2026-10-04T15:55:45+00:00
123200801,2026-09-27,12500.0,4380,231.0,3,leaderboard,2026-10-04T15:55:45+00:00
123426273,2026-09-27,15590.0,10233,251.0,6,profile,2026-10-04T15:55:45+00:00
123739150,2026-09-27,17310.0,5980,102.0,5,profile,2026-10-04T15:55:45+00:00
124621944,2026-09-27,4600.0,1582,0.0,1,profile,2026-10-04T15:55:45+00:00
124868467,2026-09-27,3730.0,3942,83.0,3,profile,2026-10-04T15:55:45+00:00
1254453117,2026-09-27,11870.0,6273,203.0,5,profile,2026-10-04T15:55:45+00:00
1264472785,2026-09-27,24810.0,9188,241.0,6,leaderboard,2026-10-04T15:55:45+00:00
1266885889,2026-09-27,1870.0,3401,0.0,2,profile,2026-10-04T15:55:45+00:00
1268235870,2026-09-27,15160.0,7510,233.0,5,profile,2026-10-04T15:55:45+00:00
126913964,2026-09-27,15080.0,5571,203.0,2,profile,2026-10-04T15:55:45+00:00
127939240,2026-09-27,76930.0,51144,1135.0,50,leaderboard,2026-10-04T15:55:45+00:00
1281648417,2026-09-27,9360.0,3742,150.0,4,profile,2026-10-04T15:55:45+00:00
128170970,2026-09-27,6000.0,2341,0.0,2,profile,2026-10-04T15:55:45+00:00
128205328,2026-09-27,18510.0,6404,0.0,3,profile,2026-10-04T15:55:45+00:00
128941231,2026-09-27,15500.0,5820,336.0,2,leaderboard,2026-10-04T15:55:45+00:00
129762554,2026-09-27,46600.0,22500,653.0,13,leaderboard,2026-10-04T15:55:45+00:00
131933928,2026-09-27,15700.0,5880,12.0,3,leaderboard,2026-10-04T15:55:45+00:00
132124444,2026-09-27,12730.0,5251,0.0,5,profile,2026-10-04T15:55:45+00:00
132628474,2026-09-27,14620.0,9255,140.0,7,profile,2026-10-04T15:55:45+00:00
133017837,2026-09-27,14110.0,5019,0.0,3,profile,2026-10-04T15:55:45+00:00
133168528,2026-09-27,10970.0,6178,156.0,5,profile,2026-10-04T15:55:45+00:00
133470756,2026-09-27,18280.0,7020,106.0,5,profile,2026-10-04T15:55:45+00:00
133768869,2026-09-27,24300.0,14400,150.0,4,leaderboard,2026-10-04T15:55:45+00:00
135356920,2026-09-27,18700.0,9300,311.0,7,leaderboard,2026-10-04T15:55:45+00:00
135930785,2026-09-27,12000.0,6120,130.0,4,leaderboard,2026-10-04T15:55:45+00:00
136696478,2026-09-27,16720.0,8746,231.0,10,profile,2026-10-04T15:55:45+00:00
1367246648,2026-09-27,7290.0,2702,105.0,2,profile,2026-10-04T15:55:45+00:00
138151922,2026-09-27,15120.0,6414,101.0,5,profile,2026-10-04T15:55:45+00:00
1391683829,2026-09-27,6000.0,2573,0.0,1,profile,2026-10-04T15:55:45+00:00
139521986,2026-09-27,13890.0,7099,253.0,6,profile,2026-10-04T15:55:45+00:00
1400184214,2026-09-27,28110.0,15435,213.0,9,leaderboard,2026-10-04T15:55:45+00:00
1405528165,2026-09-27,10690.0,5703,72.0,4,profile,2026-10-04T15:55:45+00:00
140805267,2026-09-27,21130.0,8926,0.0,6,profile,2026-10-04T15:55:45+00:00
141074214,2026-09-27,3450.0,1286,0.0,1,profile,2026-10-04T15:55:45+00:00
141207015,2026-09-27,231960.0,85560,0.0,1,profile,2026-10-02T06:59:16+00:00
141358214,2026-09-27,23650.0,7445,85.0,5,profile,2026-10-04T15:55:45+00:00
141567060,2026-09-27,12030.0,6369,116.0,5,profile,2026-10-04T15:55:45+00:00
143049165,2026-09-27,2410.0,698,49.0,1,profile,2026-10-04T15:55:45+00:00
143147118,2026-09-27,9060.0,6104,209.0,4,profile,2026-10-04T15:55:45+00:00
1433924818,2026-09-27,46220.0,23070,0.0,8,leaderboard,2026-10-04T15:55:45+00:00
143906121,2026-09-27,32350.0,12688,106.0,3,leaderboard,2026-10-04T15:55:45+00:00
144127293,2026-09-27,16070.0,7295,72.0,3,profile,2026-10-04T15:55:45+00:00
1447891160,2026-09-27,16160.0,6554,265.0,4,profile,2026-10-04T15:55:45+00:00
145507555,2026-09-27,20000.0,6600,80.0,3,leaderboard,2026-10-04T15:55:45+00:00
145639218,2026-09-27,59350.0,27634,642.0,11,leaderboard,2026-10-04T15:55:45+00:00
146502370,2026-09-27,34610.0,10325,340.0,4,leaderboard,2026-10-04T15:55:45+00:00
1467341794,2026-09-27,20410.0,13711,212.0,17,profile,2026-10-04T15:55:45+00:00
1484419724,2026-09-27,15350.0,6328,284.0,5,profile,2026-10-04T15:55:45+00:00
148683659,2026-09-27,16800.0,10260,214.0,9,profile,2026-10-04T15:55:45+00:00
1490218349,2026-09-27,11740.0,5547,212.0,4,profile,2026-10-04T15:55:45+00:00
1502219713,2026-09-27,5150.0,1781,0.0,1,profile,2026-10-04T15:55:45+00:00
150327584,2026-09-27,3990.0,1498,80.0,1,profile,2026-10-04T15:55:45+00:00
150452047,2026-09-27,17600.0,6720,280.0,5,leaderboard,2026-10-04T15:55:45+00:00
150713780,2026-09-27,13170.0,4977,170.0,3,profile,2026-10-04T15:55:45+00:00
150739400,2026-09-27,10990.0,5429,10.0,5,profile,2026-10-04T15:55:45+00:00
15091569,2026-09-27,52370.0,19996,75.0,8,leaderboard,2026-10-04T15:55:45+00:00
150925489,2026-09-27,9450.0,3406,0.0,2,profile,2026-10-04T15:55:45+00:00
151549210,2026-09-27,1980.0,789,81.0,1,profile,2026-10-04T15:55:45+00:00
151601377,2026-09-27,10740.0,5853,232.0,3,profile,2026-10-04T15:55:45+00:00
151738622,2026-09-27,17690.0,7538,0.0,4,profile,2026-10-04T15:55:45+00:00
151865501,2026-09-27,27540.0,19752,87.0,8,leaderboard,2026-10-04T15:55:45+00:00
152340879,2026-09-27,24800.0,9780,303.0,6,leaderboard,2026-10-04T15:55:45+00:00
152392967,2026-09-27,12230.0,6169,228.0,4,profile,2026-10-04T15:55:45+00:00
1526822034,2026-09-27,77020.0,64682,852.0,35,leaderboard,2026-10-04T15:55:45+00:00
152788103,2026-09-27,6210.0,2748,0.0,3,profile,2026-10-04T15:55:45+00:00
152960307,2026-09-27,4560.0,1618,0.0,1,profile,2026-10-04T15:55:45+00:00
153604225,2026-09-27,9980.0,3829,0.0,2,profile,2026-10-04T15:55:45+00:00
154079240,2026-09-27,19800.0,7789,415.0,5,leaderboard,2026-10-04T15:55:45+00:00
154154947,2026-09-27,7650.0,5303,109.0,3,profile,2026-10-04T15:55:45+00:00
154618341,2026-09-27,31400.0,11040,52.0,4,leaderboard,2026-10-04T15:55:45+00:00
1547329003,2026-09-27,45280.0,33250,553.0,14,profile,2026-10-04T15:55:45+00:00
155939935,2026-09-27,13560.0,7058,0.0,4,profile,2026-10-04T15:55:45+00:00
157502017,2026-09-27,74770.0,29450,0.0,6,profile,2026-10-04T15:55:45+00:00
157900821,2026-09-27,23850.0,12028,96.0,7,profile,2026-10-04T15:55:45+00:00
157934075,2026-09-27,11070.0,5212,58.0,3,profile,2026-10-04T15:55:45+00:00
159220662,2026-09-27,11070.0,4390,199.0,3,profile,2026-10-04T15:55:45+00:00
159549407,2026-09-27,16800.0,7200,357.0,7,leaderboard,2026-10-04T15:55:45+00:00
160085499,2026-09-27,16380.0,5412,0.0,5,profile,2026-10-04T15:55:45+00:00
1604453745,2026-09-27,15030.0,5502,276.0,4,profile,2026-10-04T15:55:45+00:00
160917445,2026-09-27,12900.0,6780,122.0,2,leaderboard,2026-10-04T15:55:45+00:00
161831314,2026-09-27,12320.0,4730,195.0,5,profile,2026-10-04T15:55:45+00:00
161842926,2026-09-27,6610.0,2714,90.0,2,profile,2026-10-04T15:55:45+00:00
162127012,2026-09-27,20600.0,9360,63.0,6,leaderboard,2026-10-04T15:55:45+00:00
162397498,2026-09-27,14370.0,5669,227.0,5,profile,2026-10-04T15:55:45+00:00
162695054,2026-09-27,6480.0,3371,95.0,2,profile,2026-10-04T15:55:45+00:00
162779719,2026-09-27,18170.0,7381,267.0,5,leaderboard,2026-10-04T15:55:45+00:00
163961148,2026-09-27,6630.0,2535,97.0,2,profile,2026-10-04T15:55:45+00:00
164845584,2026-09-27,1710.0,1017,0.0,1,profile,2026-10-04T15:55:45+00:00
1658679384,2026-09-27,9190.0,3416,0.0,6,profile,2026-10-04T15:55:45+00:00
167481803,2026-09-27,43860.0,11696,8.0,10,profile,2026-10-04T15:55:45+00:00
167744734,2026-09-27,14200.0,5340,239.0,5,leaderboard,2026-10-04T15:55:45+00:00
170365151,2026-09-27,11670.0,5410,0.0,3,profile,2026-10-04T15:55:45+00:00
170625283,2026-09-27,1140.0,554,0.0,1,profile,2026-10-04T15:55:45+00:00
171043001,2026-09-27,46550.0,16157,201.0,9,leaderboard,2026-10-04T15:55:45+00:00
171074942,2026-09-27,8250.0,3378,66.0,3,profile,2026-10-04T15:55:45+00:00
171942690,2026-09-27,13700.0,5580,8.0,4,leaderboard,2026-10-04T15:55:45+00:00
171954993,2026-09-27,19800.0,10730,244.0,7,profile,2026-10-04T15:55:45+00:00
172677290,2026-09-27,6350.0,2060,0.0,2,profile,2026-10-04T15:55:45+00:00
173103307,2026-09-27,12920.0,4059,0.0,4,profile,2026-10-04T15:55:45+00:00
173263106,2026-09-27,9100.0,3253,183.0,2,profile,2026-10-04T15:55:45+00:00
1744500732,2026-09-27,10860.0,5069,193.0,4,profile,2026-10-04T15:55:45+00:00
174628006,2026-09-27,21230.0,8323,390.0,6,profile,2026-10-04T15:55:45+00:00
1746450647,2026-09-27,29630.0,14948,473.0,9,profile,2026-10-04T15:55:45+00:00
174687887,2026-09-27,12880.0,5971,222.0,5,profile,2026-10-04T15:55:45+00:00
174765734,2026-09-27,7640.0,2793,111.0,2,profile,2026-10-04T15:55:45+00:00
175752894,2026-09-27,8270.0,4607,75.0,3,profile,2026-10-04T15:55:45+00:00
176110027,2026-09-27,14640.0,5510,250.0,6,profile,2026-10-04T15:55:45+00:00
176997200,2026-09-27,16640.0,6846,41.0,5,profile,2026-10-04T15:55:45+00:00
177200721,2026-09-27,23680.0,8971,449.0,8,leaderboard,2026-10-04T15:55:45+00:00
177326285,2026-09-27,22000.0,20100,175.0,5,leaderboard,2026-10-04T15:55:45+00:00
1774908317,2026-09-27,8060.0,5569,30.0,2,profile,2026-10-04T15:55:45+00:00
177612856,2026-09-27,69750.0,23005,369.0,9,leaderboard,2026-10-04T15:55:45+00:00
179989600,2026-09-27,53970.0,41436,226.0,10,leaderboard,2026-10-04T15:55:45+00:00
181000486,2026-09-27,19370.0,7298,280.0,6,profile,2026-10-04T15:55:45+00:00
183732476,2026-09-27,6840.0,3598,155.0,2,profile,2026-10-04T15:55:45+00:00
18447136,2026-09-27,36990.0,31715,541.0,9,leaderboard,2026-10-04T15:55:45+00:00
184714218,2026-09-27,12500.0,4620,273.0,6,leaderboard,2026-10-04T15:55:45+00:00
1847934457,2026-09-27,30090.0,12304,423.0,9,leaderboard,2026-10-04T15:55:45+00:00
1856298974,2026-09-27,6800.0,2406,0.0,2,profile,2026-10-04T15:55:45+00:00
186300263,2026-09-27,24690.0,7560,70.0,4,leaderboard,2026-10-04T15:55:45+00:00
187312771,2026-09-27,11070.0,3626,0.0,2,profile,2026-10-04T15:55:45+00:00
187787818,2026-09-27,6250.0,2122,143.0,1,profile,2026-10-04T15:55:45+00:00
187894549,2026-09-27,14000.0,8280,262.0,5,leaderboard,2026-10-04T15:55:45+00:00
1884997278,2026-09-27,17610.0,7775,222.0,6,profile,2026-10-04T15:55:45+00:00
188794616,2026-09-27,8680.0,3377,0.0,3,profile,2026-10-04T15:55:45+00:00
189013681,2026-09-27,20970.0,9764,216.0,7,leaderboard,2026-10-04T15:55:45+00:00
189069646,2026-09-27,21720.0,9187,439.0,7,profile,2026-10-04T15:55:45+00:00
189282346,2026-09-27,8990.0,2711,0.0,2,profile,2026-10-04T15:55:45+00:00
190439145,2026-09-27,12190.0,4952,115.0,4,profile,2026-10-04T15:55:45+00:00
190591166,2026-09-27,8200.0,3585,172.0,2,profile,2026-10-04T15:55:45+00:00
1911026649,2026-09-27,14800.0,10570,187.0,13,profile,2026-10-04T15:55:45+00:00
191332072,2026-09-27,10230.0,4444,101.0,3,profile,2026-10-04T15:55:45+00:00
191683420,2026-09-27,7760.0,2886,161.0,2,profile,2026-10-04T15:55:45+00:00
191760333,2026-09-27,10590.0,4024,80.0,3,profile,2026-10-04T15:55:45+00:00
191939928,2026-09-27,12680.0,5282,102.0,4,profile,2026-10-04T15:55:45+00:00
192170719,2026-09-27,192920.0,96184,879.0,10,leaderboard,2026-10-04T15:55:45+00:00
192512132,2026-09-27,42100.0,14976,399.0,35,leaderboard,2026-10-04T15:55:45+00:00
192667624,2026-09-27,18560.0,8894,273.0,5,profile,2026-10-04T15:55:45+00:00
193885435,2026-09-27,7400.0,2588,0.0,2,profile,2026-10-04T15:55:45+00:00
194634355,2026-09-27,7580.0,4092,92.0,2,profile,2026-10-04T15:55:45+00:00
195412199,2026-09-27,16090.0,6789,163.0,6,leaderboard,2026-10-04T15:55:45+00:00
195798436,2026-09-27,4730.0,2152,96.0,2,profile,2026-10-04T15:55:45+00:00
195899365,2026-09-27,5000.0,2084,0.0,1,profile,2026-10-04T15:55:45+00:00
196225817,2026-09-27,10110.0,5353,174.0,7,profile,2026-10-04T15:55:45+00:00
196395868,2026-09-27,22220.0,9008,329.0,6,profile,2026-10-04T15:55:45+00:00
196594668,2026-09-27,10400.0,4906,192.0,3,profile,2026-10-04T15:55:45+00:00
197255581,2026-09-27,2110.0,724,45.0,1,profile,2026-10-04T15:55:45+00:00
1975053728,2026-09-27,33660.0,11178,27.0,7,leaderboard,2026-10-04T15:55:45+00:00
197511646,2026-09-27,60390.0,37041,525.0,12,leaderboard,2026-10-04T15:55:45+00:00
197915835,2026-09-27,7940.0,2726,120.0,3,profile,2026-10-04T15:55:45+00:00
198245997,2026-09-27,4470.0,2232,0.0,1,profile,2026-10-05T14:47:28+00:00
198974162,2026-09-27,2490.0,935,0.0,1,profile,2026-10-04T15:55:45+00:00
1990613575,2026-09-27,27960.0,13140,215.0,8,profile,2026-10-04T15:55:45+00:00
199301564,2026-09-27,4180.0,1475,83.0,1,profile,2026-10-04T15:55:45+00:00
199940540,2026-09-27,17800.0,8940,359.0,3,leaderboard,2026-10-04T15:55:45+00:00
200824738,2026-09-27,14710.0,5707,110.0,4,profile,2026-10-04T15:55:45+00:00
201644445,2026-09-27,9470.0,3946,216.0,4,profile,2026-10-04T15:55:45+00:00
2033813827,2026-09-27,13680.0,5398,214.0,4,profile,2026-10-04T15:55:45+00:00
203782547,2026-09-27,15200.0,6002,0.0,2,profile,2026-10-04T15:55:45+00:00
203802378,2026-09-27,21880.0,8698,0.0,5,profile,2026-10-04T15:55:45+00:00
203948646,2026-09-27,6500.0,2741,132.0,2,profile,2026-10-04T15:55:45+00:00
203962651,2026-09-27,11760.0,4645,111.0,3,profile,2026-10-04T15:55:45+00:00
204262058,2026-09-27,10080.0,3554,81.0,2,profile,2026-10-04T15:55:45+00:00
2045659159,2026-09-27,12400.0,6560,167.0,4,profile,2026-10-04T15:55:45+00:00
2048047143,2026-09-27,12300.0,5423,202.0,6,profile,2026-10-04T15:55:45+00:00
205841765,2026-09-27,3190.0,1373,0.0,1,profile,2026-10-04T15:55:45+00:00
206593849,2026-09-27,16910.0,6346,225.0,5,profile,2026-10-04T15:55:45+00:00
207082437,2026-09-27,8330.0,3252,132.0,3,profile,2026-10-04T15:55:45+00:00
21881038,2026-09-27,22400.0,7920,15.0,4,leaderboard,2026-10-04T15:55:45+00:00
22751016,2026-09-27,8320.0,3575,95.0,3,profile,2026-10-04T15:55:45+00:00
23119791,2026-09-27,41980.0,20317,870.0,5,leaderboard,2026-10-04T15:55:45+00:00
24255160,2026-09-27,64670.0,22347,4.0,11,leaderboard,2026-10-04T15:55:45+00:00
27521574,2026-09-27,48360.0,25706,138.0,9,leaderboard,2026-10-04T15:55:45+00:00
27799486,2026-09-27,189760.0,61255,254.0,25,leaderboard,2026-10-04T15:55:45+00:00
28971696,2026-09-27,24900.0,29940,28.0,10,leaderboard,2026-10-04T15:55:45+00:00
29786655,2026-09-27,28310.0,8921,198.0,4,leaderboard,2026-10-04T15:55:45+00:00
311541283,2026-09-27,16340.0,6625,327.0,5,leaderboard,2026-10-04T15:55:45+00:00
32097458,2026-09-27,19280.0,6510,0.0,4,profile,2026-10-06T03:47:26+00:00
321618515,2026-09-27,28300.0,32713,137.0,9,leaderboard,2026-10-04T15:55:45+00:00
3399026,2026-09-27,25000.0,10380,52.0,2,leaderboard,2026-10-04T15:55:45+00:00
3473035,2026-09-27,4540.0,1753,0.0,1,profile,2026-10-04T15:55:45+00:00
35877177,2026-09-27,31500.0,39180,1311.0,7,leaderboard,2026-10-04T15:55:45+00:00
363624620,2026-09-27,13060.0,6663,218.0,8,profile,2026-10-04T15:55:45+00:00
369928707,2026-09-27,3590.0,1299,49.0,2,profile,2026-10-04T15:55:45+00:00
39804426,2026-09-27,2730.0,2884,0.0,2,profile,2026-10-04T15:55:45+00:00
39952568,2026-09-27,14600.0,5400,53.0,3,leaderboard,2026-10-04T15:55:45+00:00
40109055,2026-09-27,49280.0,17928,0.0,8,profile,2026-10-04T15:55:45+00:00
428335349,2026-09-27,12520.0,5260,103.0,4,profile,2026-10-04T15:55:45+00:00
447368714,2026-09-27,16650.0,13338,356.0,9,profile,2026-10-04T15:55:45+00:00
457061847,2026-09-27,35120.0,15312,464.0,10,leaderboard,2026-10-04T15:55:45+00:00
46143071,2026-09-27,6040.0,2407,0.0,1,profile,2026-10-04T15:55:45+00:00
46309973,2026-09-27,9010.0,3595,195.0,3,profile,2026-10-04T15:55:45+00:00
467716159,2026-09-27,27760.0,9352,205.0,7,profile,2026-10-04T15:55:45+00:00
50087178,2026-09-27,24250.0,10811,299.0,5,profile,2026-10-04T15:55:45+00:00
52120469,2026-09-27,13750.0,5358,82.0,2,profile,2026-10-04T15:55:45+00:00
53682422,2026-09-27,13120.0,6135,0.0,3,profile,2026-10-04T15:55:45+00:00
53931622,2026-09-27,3870.0,4276,40.0,3,profile,2026-10-04T15:55:45+00:00
563743137,2026-09-27,17370.0,8555,177.0,7,profile,2026-10-04T15:55:45+00:00
564463530,2026-09-27,35680.0,14267,359.0,9,leaderboard,2026-10-04T15:55:45+00:00
57443105,2026-09-27,13300.0,5520,110.0,4,leaderboard,2026-10-04T15:55:45+00:00
578477417,2026-09-27,21810.0,11928,243.0,9,leaderboard,2026-10-04T15:55:45+00:00
61688773,2026-09-27,9800.0,3445,112.0,3,profile,2026-10-04T15:55:45+00:00
619192671,2026-09-27,29890.0,21165,294.0,4,profile,2026-10-04T15:55:45+00:00
624792231,2026-09-27,14070.0,6763,87.0,4,profile,2026-10-04T15:55:45+00:00
636557046,2026-09-27,9640.0,3459,94.0,3,profile,2026-10-04T15:55:45+00:00
64179592,2026-09-27,11130.0,4108,211.0,2,profile,2026-10-04T15:55:45+00:00
64519239,2026-09-27,21920.0,9095,263.0,7,profile,2026-10-04T15:55:45+00:00
65548123,2026-09-27,94290.0,53272,1622.0,12,leaderboard,2026-10-04T15:55:45+00:00
660621407,2026-09-27,8120.0,4612,131.0,3,profile,2026-10-04T15:55:45+00:00
666291145,2026-09-27,12200.0,5202,109.0,4,profile,2026-10-04T15:55:45+00:00
66797450,2026-09-27,23450.0,10679,350.0,9,profile,2026-10-04T15:55:45+00:00
67757081,2026-09-27,3200.0,1066,0.0,1,profile,2026-10-04T15:55:45+00:00
68100013,2026-09-27,6660.0,1903,45.0,5,profile,2026-10-04T15:55:45+00:00
70370600,2026-09-27,37220.0,14378,48.0,8,leaderboard,2026-10-04T15:55:45+00:00
7099765,2026-09-27,34570.0,17491,128.0,7,profile,2026-10-04T15:55:45+00:00
71196428,2026-09-27,16530.0,6175,539.0,6,profile,2026-10-04T15:55:45+00:00
71248863,2026-09-27,61400.0,31320,386.0,19,leaderboard,2026-10-04T15:55:45+00:00
71374919,2026-09-27,9630.0,3275,97.0,4,profile,2026-10-04T15:55:45+00:00
71492207,2026-09-27,8100.0,2868,0.0,2,profile,2026-10-04T15:55:45+00:00
72368028,2026-09-27,14100.0,7680,123.0,3,leaderboard,2026-10-04T15:55:45+00:00
72823803,2026-09-27,14100.0,9838,249.0,6,profile,2026-10-04T15:55:45+00:00
728364162,2026-09-27,18790.0,6831,0.0,6,profile,2026-10-04T15:55:45+00:00
73152201,2026-09-27,22500.0,20880,582.0,4,leaderboard,2026-10-04T15:55:45+00:00
73295637,2026-09-27,12400.0,3600,306.0,4,leaderboard,2026-10-04T15:55:45+00:00
75965267,2026-09-27,68890.0,22692,60.0,11,leaderboard,2026-10-04T15:55:45+00:00
772349693,2026-09-27,6170.0,2213,114.0,3,profile,2026-10-04T15:55:45+00:00
77733690,2026-09-27,5100.0,1759,0.0,1,profile,2026-10-04T15:55:45+00:00
77749742,2026-09-27,58920.0,25596,427.0,14,leaderboard,2026-10-04T15:55:45+00:00
78556295,2026-09-27,5300.0,1790,112.0,1,profile,2026-10-04T15:55:45+00:00
78755580,2026-09-27,19660.0,7601,0.0,6,profile,2026-10-04T15:55:45+00:00
78839312,2026-09-27,14660.0,4736,0.0,3,profile,2026-10-04T15:55:45+00:00
79214730,2026-09-27,11800.0,5047,84.0,4,profile,2026-10-04T15:55:45+00:00
79562714,2026-09-27,10540.0,4850,167.0,3,profile,2026-10-04T15:55:45+00:00
79725515,2026-09-27,27140.0,17312,133.0,7,leaderboard,2026-10-04T15:55:45+00:00
79730738,2026-09-27,2940.0,952,0.0,2,profile,2026-10-04T15:55:45+00:00
79840635,2026-09-27,4870.0,1600,0.0,2,profile,2026-10-04T15:55:45+00:00
798417968,2026-09-27,7890.0,3404,121.0,4,profile,2026-10-04T15:55:45+00:00
79881725,2026-09-27,12730.0,4403,225.0,3,profile,2026-10-04T15:55:45+00:00
79973945,2026-09-27,28800.0,10620,132.0,4,leaderboard,2026-10-04T15:55:45+00:00
80356918,2026-09-27,6850.0,2247,0.0,2,profile,2026-10-04T15:55:45+00:00
80529470,2026-09-27,13710.0,6192,235.0,4,profile,2026-10-04T15:55:45+00:00
80643624,2026-09-27,14550.0,3498,129.0,6,profile,2026-10-04T15:55:45+00:00
80962601,2026-09-27,12100.0,7080,194.0,4,leaderboard,2026-10-04T15:55:45+00:00
82197781,2026-09-27,25720.0,12247,20.0,5,leaderboard,2026-10-04T15:55:45+00:00
83458326,2026-09-27,7490.0,3214,0.0,1,profile,2026-10-04T15:55:45+00:00
83776009,2026-09-27,7970.0,4039,134.0,5,profile,2026-10-04T15:55:45+00:00
83920919,2026-09-27,37350.0,28471,428.0,10,leaderboard,2026-10-04T15:55:45+00:00
84097989,2026-09-27,22140.0,15584,212.0,25,profile,2026-10-04T15:55:45+00:00
84341125,2026-09-27,29620.0,12511,130.0,7,leaderboard,2026-10-04T15:55:45+00:00
85321513,2026-09-27,12340.0,4126,0.0,3,profile,2026-10-04T15:55:45+00:00
85400772,2026-09-27,31440.0,10566,555.0,3,leaderboard,2026-10-04T15:55:45+00:00
85567976,2026-09-27,12820.0,4220,0.0,3,profile,2026-10-04T15:55:45+00:00
85736624,2026-09-27,35940.0,28203,678.0,12,profile,2026-10-04T15:55:45+00:00
85806908,2026-09-27,10090.0,4387,170.0,3,profile,2026-10-04T15:55:45+00:00
85932943,2026-09-27,98680.0,37920,51.0,9,leaderboard,2026-10-04T15:55:45+00:00
85952484,2026-09-27,2130.0,667,0.0,1,profile,2026-10-04T15:55:45+00:00
86838614,2026-09-27,15770.0,7272,194.0,9,profile,2026-10-04T15:55:45+00:00
87276442,2026-09-27,31420.0,11484,11.0,6,leaderboard,2026-10-04T15:55:45+00:00
878275442,2026-09-27,11730.0,7916,67.0,7,profile,2026-10-04T15:55:45+00:00
88039032,2026-09-27,4650.0,2230,100.0,1,profile,2026-10-04T15:55:45+00:00
88141864,2026-09-27,23620.0,8852,23.0,7,leaderboard,2026-10-04T15:55:45+00:00
88199922,2026-09-27,110490.0,51983,1299.0,17,profile,2026-10-04T15:55:45+00:00
882080520,2026-09-27,12900.0,6386,176.0,3,profile,2026-10-04T15:55:45+00:00
88234067,2026-09-27,17250.0,9380,414.0,7,profile,2026-10-04T15:55:45+00:00
88555299,2026-09-27,4060.0,2221,97.0,1,profile,2026-10-04T15:55:45+00:00
88558404,2026-09-27,5110.0,1827,107.0,1,profile,2026-10-04T15:55:45+00:00
88727027,2026-09-27,16000.0,5220,326.0,4,leaderboard,2026-10-04T15:55:45+00:00
88727615,2026-09-27,9360.0,3367,88.0,2,profile,2026-10-04T15:55:45+00:00
89357728,2026-09-27,37550.0,16271,24.0,12,leaderboard,2026-10-04T15:55:45+00:00
90503677,2026-09-27,6820.0,2566,90.0,3,profile,2026-10-04T15:55:45+00:00
90542247,2026-09-27,7990.0,4034,151.0,4,profile,2026-10-04T15:55:45+00:00
906570432,2026-09-27,12170.0,6371,82.0,4,profile,2026-10-04T15:55:45+00:00
91078242,2026-09-27,2170.0,658,0.0,1,profile,2026-10-04T15:55:45+00:00
91343174,2026-09-27,8300.0,4197,0.0,2,profile,2026-10-04T15:55:45+00:00
91348499,2026-09-27,17740.0,8723,0.0,7,profile,2026-10-04T15:55:45+00:00
91973877,2026-09-27,14900.0,6780,219.0,4,leaderboard,2026-10-04T15:55:45+00:00
92466443,2026-09-27,4860.0,2662,0.0,2,profile,2026-10-04T15:55:45+00:00
92960264,2026-09-27,144160.0,101955,597.0,27,leaderboard,2026-10-04T15:55:45+00:00
932417808,2026-09-27,12450.0,6638,215.0,5,profile,2026-10-04T15:55:45+00:00
94747647,2026-09-27,5930.0,5700,58.0,1,profile,2026-10-04T15:55:45+00:00
95413681,2026-09-27,17290.0,7214,277.0,5,profile,2026-10-04T15:55:45+00:00
95485721,2026-09-27,13100.0,11556,2.0,11,profile,2026-10-04T15:55:45+00:00
960965393,2026-09-27,8530.0,4017,177.0,2,profile,2026-10-04T15:55:45+00:00
964360293,2026-09-27,13100.0,5496,245.0,4,profile,2026-10-04T15:55:45+00:00
972978970,2026-09-27,5670.0,1859,64.0,2,profile,2026-10-04T15:55:45+00:00
973907811,2026-09-27,5100.0,2047,133.0,3,profile,2026-10-04T15:55:45+00:00
976304399,2026-09-27,15890.0,10185,246.0,10,profile,2026-10-04T15:55:45+00:00
98501936,2026-09-27,16710.0,5393,206.0,5,profile,2026-10-04T15:55:45+00:00
99536214,2026-09-27,6600.0,3144,0.0,3,profile,2026-10-04T15:55:45+00:00
99914785,2026-09-27,4640.0,1492,5.0,2,profile,2026-10-04T15:55:45+00:00
100017228,2026-10-01,8100.0,3480,174.0,4,leaderboard,2026-10-01T15:47:44+00:00
100035100,2026-10-01,189860.0,64306,347.0,16,leaderboard,2026-10-01T15:47:44+00:00
100084812,2026-10-01,20480.0,8512,377.0,7,profile,2026-10-01T15:47:44+00:00
100477885,2026-10-01,27960.0,12363,461.0,7,leaderboard,2026-10-01T15:47:44+00:00
100754249,2026-10-01,12460.0,8923,137.0,5,profile,2026-10-01T15:47:44+00:00
10265375,2026-10-01,70750.0,64815,4144.0,8,profile,2026-10-01T15:47:44+00:00
1032853960,2026-10-01,27680.0,15742,395.0,13,profile,2026-10-01T15:47:44+00:00
104519856,2026-10-01,18300.0,6760,183.0,6,profile,2026-10-01T15:47:44+00:00
1045810176,2026-10-01,24650.0,12085,260.0,8,profile,2026-10-01T15:47:44+00:00
10480079,2026-10-01,13080.0,4934,0.0,3,profile,2026-10-01T15:47:44+00:00
1052869810,2026-10-01,15350.0,7004,276.0,5,profile,2026-10-01T15:47:44+00:00
1055628642,2026-10-01,14540.0,6040,0.0,5,profile,2026-10-01T15:47:44+00:00
106645250,2026-10-01,18030.0,6451,0.0,3,profile,2026-10-01T15:47:44+00:00
107612077,2026-10-01,14320.0,5790,92.0,3,profile,2026-10-01T15:47:44+00:00
107808846,2026-10-01,8900.0,4860,197.0,3,leaderboard,2026-10-01T15:47:44+00:00
108546052,2026-10-01,35610.0,10349,632.0,7,profile,2026-10-01T15:47:44+00:00
109313656,2026-10-01,31700.0,16260,373.0,6,leaderboard,2026-10-01T15:47:44+00:00
109475426,2026-10-01,42500.0,14760,752.0,6,leaderboard,2026-10-01T15:47:44+00:00
110613308,2026-10-01,75540.0,38014,7.0,11,leaderboard,2026-10-01T15:47:44+00:00
110727058,2026-10-01,155060.0,68379,1329.0,20,leaderboard,2026-10-01T15:47:44+00:00
110858656,2026-10-01,20100.0,8678,13.0,6,leaderboard,2026-10-01T15:47:44+00:00
1112085991,2026-10-01,14030.0,5923,199.0,4,profile,2026-10-01T15:47:44+00:00
111239944,2026-10-01,30500.0,11400,93.0,5,leaderboard,2026-10-01T15:47:44+00:00
111449733,2026-10-01,14800.0,8820,272.0,5,leaderboard,2026-10-01T15:47:44+00:00
112728077,2026-10-01,19410.0,7470,0.0,5,profile,2026-10-01T15:47:44+00:00
113362000,2026-10-01,24000.0,6660,330.0,3,leaderboard,2026-10-01T15:47:44+00:00
1136190508,2026-10-01,4940.0,1871,0.0,2,profile,2026-10-01T15:47:44+00:00
114308377,2026-10-01,23550.0,17004,306.0,9,leaderboard,2026-10-01T15:47:44+00:00
114848114,2026-10-01,17100.0,7312,253.0,7,profile,2026-10-01T15:47:44+00:00
115074455,2026-10-01,10970.0,8095,4.0,7,profile,2026-10-01T15:47:44+00:00
115077579,2026-10-01,8200.0,3300,309.0,3,profile,2026-10-01T15:47:44+00:00
116011578,2026-10-01,38800.0,12240,64.0,5,leaderboard,2026-10-01T15:47:44+00:00
116168250,2026-10-01,14890.0,13455,0.0,7,profile,2026-10-01T15:47:44+00:00
118781050,2026-10-01,29360.0,12388,61.0,9,leaderboard,2026-10-01T15:47:44+00:00
11879248,2026-10-01,13000.0,4560,106.0,3,leaderboard,2026-10-01T15:47:44+00:00
1195981575,2026-10-01,13650.0,4118,168.0,3,profile,2026-10-01T15:47:44+00:00
1202632109,2026-10-01,19700.0,9430,377.0,7,leaderboard,2026-10-01T15:47:44+00:00
120401037,2026-10-01,31490.0,12770,422.0,9,profile,2026-10-01T15:47:44+00:00
120477487,2026-10-01,45530.0,18316,838.0,7,leaderboard,2026-10-01T15:47:44+00:00
120662764,2026-10-01,30000.0,19015,356.0,4,leaderboard,2026-10-01T15:47:44+00:00
120724552,2026-10-01,5320.0,2170,0.0,3,profile,2026-10-01T15:47:44+00:00
1214400201,2026-10-01,16210.0,14221,268.0,5,profile,2026-10-01T15:47:44+00:00
1223997665,2026-10-01,23780.0,9521,503.0,14,leaderboard,2026-10-01T15:47:44+00:00
122674914,2026-10-01,28600.0,11096,427.0,9,profile,2026-10-01T15:47:44+00:00
123426273,2026-10-01,18920.0,12264,327.0,7,profile,2026-10-01T15:47:44+00:00
123739150,2026-10-01,22780.0,8318,232.0,6,profile,2026-10-01T15:47:44+00:00
124703756,2026-10-01,3040.0,1411,0.0,1,profile,2026-10-01T15:47:44+00:00
124868467,2026-10-01,7330.0,6166,158.0,4,profile,2026-10-01T15:47:44+00:00
1268235870,2026-10-01,22750.0,10412,404.0,7,profile,2026-10-01T15:47:44+00:00
127939240,2026-10-01,102530.0,68424,1500.0,62,leaderboard,2026-10-01T15:47:44+00:00
132102005,2026-10-01,2680.0,1103,0.0,1,profile,2026-10-01T15:47:44+00:00
132124444,2026-10-01,10000.0,4080,43.0,1,leaderboard,2026-10-01T15:47:44+00:00
132628474,2026-10-01,23370.0,15220,191.0,10,profile,2026-10-01T15:47:44+00:00
1331939347,2026-10-01,17360.0,7702,151.0,5,profile,2026-10-01T15:47:44+00:00
133470756,2026-10-01,26980.0,11400,150.0,7,leaderboard,2026-10-01T15:47:44+00:00
133768869,2026-10-01,39200.0,20700,158.0,8,leaderboard,2026-10-01T15:47:44+00:00
133863803,2026-10-01,4600.0,1843,96.0,1,profile,2026-10-01T15:47:44+00:00
1341225104,2026-10-01,170.0,141,0.0,1,profile,2026-10-01T15:47:44+00:00
135356920,2026-10-01,28600.0,12840,512.0,10,leaderboard,2026-10-01T15:47:44+00:00
135930785,2026-10-01,19900.0,9420,298.0,6,leaderboard,2026-10-01T15:47:44+00:00
136696478,2026-10-01,29020.0,16426,457.0,16,leaderboard,2026-10-01T15:47:44+00:00
1367246648,2026-10-01,9750.0,4083,160.0,3,profile,2026-10-01T15:47:44+00:00
139521986,2026-10-01,22690.0,11479,441.0,9,leaderboard,2026-10-01T15:47:44+00:00
1405528165,2026-10-01,13880.0,8563,72.0,6,profile,2026-10-01T15:47:44+00:00
141358214,2026-10-01,28270.0,10465,85.0,7,profile,2026-10-01T15:47:44+00:00
141567060,2026-10-01,16450.0,9032,167.0,7,profile,2026-10-01T15:47:44+00:00
143147118,2026-10-01,11870.0,8410,288.0,6,profile,2026-10-01T15:47:44+00:00
143906121,2026-10-01,43950.0,17248,347.0,5,leaderboard,2026-10-01T15:47:44+00:00
1447891160,2026-10-01,18570.0,7849,318.0,5,profile,2026-10-01T15:47:44+00:00
145507555,2026-10-01,30200.0,10320,88.0,5,leaderboard,2026-10-01T15:47:44+00:00
146002130,2026-10-01,24940.0,5119,0.0,2,profile,2026-10-01T15:47:44+00:00
146502370,2026-10-01,49410.0,15305,664.0,6,leaderboard,2026-10-01T15:47:44+00:00
1467341794,2026-10-01,22790.0,15254,251.0,19,profile,2026-10-01T15:47:44+00:00
1484419724,2026-10-01,18030.0,7678,339.0,6,profile,2026-10-01T15:47:44+00:00
1490218349,2026-10-01,14170.0,6881,265.0,5,profile,2026-10-01T15:47:44+00:00
150662631,2026-10-01,26100.0,9132,0.0,6,profile,2026-10-01T15:47:44+00:00
150713780,2026-10-01,17170.0,6208,257.0,4,profile,2026-10-01T15:47:44+00:00
15091569,2026-10-01,78170.0,29716,149.0,12,leaderboard,2026-10-01T15:47:44+00:00
151865501,2026-10-01,36040.0,22452,107.0,10,leaderboard,2026-10-01T15:47:44+00:00
152340879,2026-10-01,34900.0,13500,303.0,7,leaderboard,2026-10-01T15:47:44+00:00
1526822034,2026-10-01,122520.0,108842,1246.0,63,leaderboard,2026-10-01T15:47:44+00:00
152788103,2026-10-01,10450.0,3812,0.0,7,profile,2026-10-01T15:47:44+00:00
152934564,2026-10-01,10200.0,23040,27.0,2,leaderboard,2026-10-01T15:47:44+00:00
153068309,2026-10-01,3040.0,1283,0.0,1,profile,2026-10-01T15:47:44+00:00
154079240,2026-10-01,23030.0,9188,485.0,6,profile,2026-10-01T15:47:44+00:00
1547329003,2026-10-01,69120.0,37988,588.0,16,profile,2026-10-01T15:47:44+00:00
155939935,2026-10-01,22860.0,10538,15.0,8,leaderboard,2026-10-01T15:47:44+00:00
1566906229,2026-10-01,17700.0,9040,107.0,4,profile,2026-10-01T15:47:44+00:00
157024690,2026-10-01,5100.0,1434,107.0,1,profile,2026-10-01T15:47:44+00:00
157502017,2026-10-01,89090.0,34585,0.0,8,profile,2026-10-01T15:47:44+00:00
157900821,2026-10-01,32850.0,15688,149.0,9,leaderboard,2026-10-01T15:47:44+00:00
157934075,2026-10-01,13770.0,6668,58.0,4,profile,2026-10-01T15:47:44+00:00
158225435,2026-10-01,7260.0,2774,0.0,2,profile,2026-10-01T15:47:44+00:00
159220662,2026-10-01,13580.0,5715,253.0,4,profile,2026-10-01T15:47:44+00:00
159549407,2026-10-01,30700.0,13020,636.0,12,leaderboard,2026-10-01T15:47:44+00:00
1598227059,2026-10-01,13590.0,5477,201.0,4,profile,2026-10-01T15:47:44+00:00
1604453745,2026-10-01,17480.0,6788,327.0,5,profile,2026-10-01T15:47:44+00:00
161247740,2026-10-01,2460.0,789,0.0,1,profile,2026-10-01T15:47:44+00:00
161831314,2026-10-01,19600.0,9732,267.0,7,profile,2026-10-01T15:47:44+00:00
162127012,2026-10-01,30600.0,13260,134.0,7,leaderboard,2026-10-01T15:47:44+00:00
162779719,2026-10-01,28670.0,11641,479.0,7,leaderboard,2026-10-01T15:47:44+00:00
1628083109,2026-10-01,3070.0,1030,65.0,1,profile,2026-10-01T15:47:44+00:00
164845584,2026-10-01,9910.0,4257,178.0,3,leaderboard,2026-10-01T15:47:44+00:00
1692646933,2026-10-01,8300.0,2940,182.0,2,leaderboard,2026-10-01T15:47:44+00:00
1693285525,2026-10-01,13210.0,6135,166.0,4,profile,2026-10-01T15:47:44+00:00
170365151,2026-10-01,18690.0,8845,0.0,5,profile,2026-10-01T15:47:44+00:00
171043001,2026-10-01,50160.0,17421,201.0,11,profile,2026-10-01T15:47:44+00:00
171942690,2026-10-01,37800.0,16200,15.0,8,leaderboard,2026-10-01T15:47:44+00:00
171954993,2026-10-01,26860.0,15715,357.0,11,profile,2026-10-01T15:47:44+00:00
173103307,2026-10-01,15920.0,4977,0.0,5,profile,2026-10-01T15:47:44+00:00
17365525,2026-10-01,15700.0,7140,100.0,3,leaderboard,2026-10-01T15:47:44+00:00
174687887,2026-10-01,26780.0,14911,475.0,10,leaderboard,2026-10-01T15:47:44+00:00
175752894,2026-10-01,11440.0,6135,148.0,4,profile,2026-10-01T15:47:44+00:00
1771912550,2026-10-01,14050.0,12413,99.0,4,profile,2026-10-01T15:47:44+00:00
177326285,2026-10-01,33800.0,29040,362.0,8,leaderboard,2026-10-01T15:47:44+00:00
1774908317,2026-10-01,16060.0,10849,58.0,4,leaderboard,2026-10-01T15:47:44+00:00
177612856,2026-10-01,79850.0,26245,398.0,10,leaderboard,2026-10-01T15:47:44+00:00
184714218,2026-10-01,27700.0,11400,605.0,11,leaderboard,2026-10-01T15:47:44+00:00
1847934457,2026-10-01,36420.0,16412,423.0,14,profile,2026-10-01T15:47:44+00:00
187894549,2026-10-01,27200.0,16920,480.0,9,leaderboard,2026-10-01T15:47:44+00:00
1884997278,2026-10-01,24360.0,10893,361.0,8,profile,2026-10-01T15:47:44+00:00
188794616,2026-10-01,15490.0,6551,56.0,4,leaderboard,2026-10-01T15:47:44+00:00
189047270,2026-10-01,2930.0,1135,0.0,1,profile,2026-10-01T15:47:44+00:00
189069646,2026-10-01,25090.0,10499,513.0,8,profile,2026-10-01T15:47:44+00:00
191332072,2026-10-01,13000.0,5651,164.0,4,profile,2026-10-01T15:47:44+00:00
192142661,2026-10-01,22530.0,12094,185.0,7,profile,2026-10-01T15:47:44+00:00
192170719,2026-10-01,222120.0,108244,1499.0,15,leaderboard,2026-10-01T15:47:44+00:00
192512132,2026-10-01,67800.0,25596,854.0,50,leaderboard,2026-10-01T15:47:44+00:00
193386119,2026-10-01,8610.0,3961,0.0,2,profile,2026-10-01T15:47:44+00:00
195798436,2026-10-01,7060.0,3652,96.0,3,profile,2026-10-01T15:47:44+00:00
196122264,2026-10-01,6150.0,3111,106.0,3,profile,2026-10-01T15:47:44+00:00
196225817,2026-10-01,15110.0,7812,282.0,8,profile,2026-10-01T15:47:44+00:00
19669900,2026-10-01,5640.0,2304,0.0,2,profile,2026-10-01T15:47:44+00:00
197255581,2026-10-01,5810.0,2165,123.0,2,profile,2026-10-01T15:47:44+00:00
1975053728,2026-10-01,39370.0,12927,27.0,9,profile,2026-10-01T15:47:44+00:00
198739620,2026-10-01,1430.0,799,0.0,1,profile,2026-10-01T15:47:44+00:00
201644445,2026-10-01,26570.0,13966,565.0,10,leaderboard,2026-10-01T15:47:44+00:00
2033813827,2026-10-01,16060.0,6682,265.0,5,profile,2026-10-01T15:47:44+00:00
203802378,2026-10-01,30880.0,11818,8.0,7,leaderboard,2026-10-01T15:47:44+00:00
203948646,2026-10-01,11500.0,4682,241.0,3,profile,2026-10-01T15:47:44+00:00
2048307954,2026-10-01,18690.0,7861,10.0,3,profile,2026-10-01T15:47:44+00:00
205841765,2026-10-01,6010.0,2562,0.0,2,profile,2026-10-01T15:47:44+00:00
206593849,2026-10-01,19330.0,7624,275.0,6,profile,2026-10-01T15:47:44+00:00
207082437,2026-10-01,11650.0,4880,208.0,4,profile,2026-10-01T15:47:44+00:00
21881038,2026-10-01,32300.0,11400,39.0,6,leaderboard,2026-10-01T15:47:44+00:00
23119791,2026-10-01,51980.0,24037,939.0,6,leaderboard,2026-10-01T15:47:44+00:00
24255160,2026-10-01,82970.0,28347,36.0,13,leaderboard,2026-10-01T15:47:44+00:00
27521574,2026-10-01,60160.0,30206,160.0,11,leaderboard,2026-10-01T15:47:44+00:00
27799486,2026-10-01,250260.0,80995,434.0,31,leaderboard,2026-10-01T15:47:44+00:00
311541283,2026-10-01,19220.0,8042,389.0,6,profile,2026-10-01T15:47:44+00:00
321618515,2026-10-01,30970.0,34254,192.0,10,profile,2026-10-01T15:47:44+00:00
342021277,2026-10-01,11660.0,3655,109.0,3,profile,2026-10-01T15:47:44+00:00
363624620,2026-10-01,14740.0,8248,218.0,10,profile,2026-10-01T15:47:44+00:00
39804426,2026-10-01,3580.0,16684,0.0,3,profile,2026-10-01T15:47:44+00:00
39952568,2026-10-01,22450.0,7977,53.0,5,profile,2026-10-01T15:47:44+00:00
405251015,2026-10-01,17500.0,8302,62.0,4,profile,2026-10-01T15:47:44+00:00
44986384,2026-10-01,10300.0,5880,159.0,5,leaderboard,2026-10-01T15:47:44+00:00
457061847,2026-10-01,46220.0,19872,695.0,12,leaderboard,2026-10-01T15:47:44+00:00
46143071,2026-10-01,12220.0,5249,0.0,2,profile,2026-10-01T15:47:44+00:00
46309973,2026-10-01,19310.0,7555,399.0,5,leaderboard,2026-10-01T15:47:44+00:00
47562289,2026-10-01,18480.0,5817,324.0,3,leaderboard,2026-10-01T15:47:44+00:00
50087178,2026-10-01,34150.0,14411,510.0,8,leaderboard,2026-10-01T15:47:44+00:00
518303998,2026-10-01,13680.0,5714,179.0,3,profile,2026-10-01T15:47:44+00:00
52120469,2026-10-01,26750.0,10998,292.0,5,leaderboard,2026-10-01T15:47:44+00:00
553225496,2026-10-01,11920.0,6659,103.0,3,profile,2026-10-01T15:47:44+00:00
564463530,2026-10-01,51780.0,21767,430.0,13,leaderboard,2026-10-01T15:47:44+00:00
57443105,2026-10-01,22240.0,9032,303.0,6,profile,2026-10-01T15:47:44+00:00
578477417,2026-10-01,32610.0,18048,354.0,13,leaderboard,2026-10-01T15:47:44+00:00
64519239,2026-10-01,26930.0,10684,376.0,8,profile,2026-10-01T15:47:44+00:00
65548123,2026-10-01,99290.0,54696,1622.0,13,profile,2026-10-01T15:47:44+00:00
666291145,2026-10-01,14170.0,6122,153.0,5,profile,2026-10-01T15:47:44+00:00
66797450,2026-10-01,42450.0,18539,697.0,13,leaderboard,2026-10-01T15:47:44+00:00
69248105,2026-10-01,19780.0,8067,177.0,5,profile,2026-10-01T15:47:44+00:00
70370600,2026-10-01,61920.0,23798,209.0,13,leaderboard,2026-10-01T15:47:44+00:00
7099765,2026-10-01,44770.0,21991,212.0,9,leaderboard,2026-10-01T15:47:44+00:00
71248863,2026-10-01,103400.0,51600,675.0,30,leaderboard,2026-10-01T15:47:44+00:00
71492207,2026-10-01,14110.0,5003,0.0,3,profile,2026-10-01T15:47:44+00:00
72368028,2026-10-01,21110.0,10145,123.0,4,profile,2026-10-01T15:47:44+00:00
72823803,2026-10-01,27100.0,19258,489.0,11,leaderboard,2026-10-01T15:47:44+00:00
728364162,2026-10-01,22370.0,8148,0.0,8,profile,2026-10-01T15:47:44+00:00
73152201,2026-10-01,40700.0,43800,1788.0,5,leaderboard,2026-10-01T15:47:44+00:00
738209874,2026-10-01,20750.0,8749,122.0,6,leaderboard,2026-10-01T15:47:44+00:00
75022646,2026-10-01,7160.0,4399,106.0,2,profile,2026-10-01T15:47:44+00:00
75965267,2026-10-01,101490.0,34152,96.0,14,leaderboard,2026-10-01T15:47:44+00:00
76263079,2026-10-01,5150.0,2582,230.0,2,profile,2026-10-01T15:47:44+00:00
769156342,2026-10-01,7660.0,3236,114.0,3,profile,2026-10-01T15:47:44+00:00
772349693,2026-10-01,11460.0,4041,195.0,5,profile,2026-10-01T15:47:44+00:00
78296128,2026-10-01,5140.0,1841,0.0,1,profile,2026-10-01T15:47:44+00:00
78614218,2026-10-01,10700.0,5160,182.0,4,leaderboard,2026-10-01T15:47:44+00:00
78755580,2026-10-01,27860.0,10961,1.0,8,leaderboard,2026-10-01T15:47:44+00:00
79214730,2026-10-01,13870.0,6244,129.0,5,profile,2026-10-01T15:47:44+00:00
79725515,2026-10-01,33480.0,22255,133.0,11,profile,2026-10-01T15:47:44+00:00
79730738,2026-10-01,9600.0,4080,24.0,1,leaderboard,2026-10-01T15:47:44+00:00
80529470,2026-10-01,21580.0,9126,408.0,6,profile,2026-10-01T15:47:44+00:00
81778281,2026-10-01,14390.0,9427,0.0,3,profile,2026-10-01T15:47:44+00:00
822671723,2026-10-01,11200.0,5520,60.0,4,leaderboard,2026-10-01T15:47:44+00:00
83776009,2026-10-01,18870.0,9979,352.0,10,leaderboard,2026-10-01T15:47:44+00:00
83920919,2026-10-01,40490.0,31231,474.0,12,profile,2026-10-01T15:47:44+00:00
84097989,2026-10-01,31740.0,21344,250.0,27,leaderboard,2026-10-01T15:47:44+00:00
842201467,2026-10-01,4390.0,1637,0.0,2,profile,2026-10-01T15:47:44+00:00
84341125,2026-10-01,37920.0,15451,313.0,9,leaderboard,2026-10-01T15:47:44+00:00
85172622,2026-10-01,4660.0,1614,101.0,1,profile,2026-10-01T15:47:44+00:00
85400772,2026-10-01,34460.0,11518,615.0,4,profile,2026-10-01T15:47:44+00:00
85695683,2026-10-01,4050.0,3430,0.0,1,profile,2026-10-01T15:47:44+00:00
85736624,2026-10-01,49240.0,33003,681.0,15,leaderboard,2026-10-01T15:47:44+00:00
85932943,2026-10-01,109680.0,41820,57.0,10,leaderboard,2026-10-01T15:47:44+00:00
86038871,2026-10-01,15630.0,6545,11.0,4,leaderboard,2026-10-01T15:47:44+00:00
86453052,2026-10-01,9700.0,3720,0.0,1,leaderboard,2026-10-01T15:47:44+00:00
87093593,2026-10-01,6590.0,2693,140.0,1,profile,2026-10-01T15:47:44+00:00
87276442,2026-10-01,32700.0,12526,11.0,7,profile,2026-10-01T15:47:44+00:00
878275442,2026-10-01,14920.0,9737,132.0,8,profile,2026-10-01T15:47:44+00:00
88039032,2026-10-01,16350.0,8710,351.0,5,leaderboard,2026-10-01T15:47:44+00:00
88141864,2026-10-01,27850.0,10881,23.0,9,profile,2026-10-01T15:47:44+00:00
88199922,2026-10-01,170320.0,80307,1880.0,19,profile,2026-10-01T15:47:44+00:00
882080520,2026-10-01,23000.0,10586,389.0,4,leaderboard,2026-10-01T15:47:44+00:00
88234067,2026-10-01,23080.0,11618,534.0,8,profile,2026-10-01T15:47:44+00:00
88564393,2026-10-01,2370.0,1059,53.0,1,profile,2026-10-01T15:47:44+00:00
88727615,2026-10-01,14360.0,5363,193.0,3,profile,2026-10-01T15:47:44+00:00
89357728,2026-10-01,58050.0,25091,31.0,16,leaderboard,2026-10-01T15:47:44+00:00
89433618,2026-10-01,17400.0,6120,142.0,3,leaderboard,2026-10-01T15:47:44+00:00
91078242,2026-10-01,4200.0,1292,0.0,2,profile,2026-10-01T15:47:44+00:00
91343174,2026-10-01,14330.0,8475,0.0,4,profile,2026-10-01T15:47:44+00:00
91766687,2026-10-01,11000.0,4500,229.0,2,leaderboard,2026-10-01T15:47:44+00:00
91772478,2026-10-01,8600.0,4980,146.0,3,leaderboard,2026-10-01T15:47:44+00:00
92960264,2026-10-01,218460.0,165615,1229.0,39,leaderboard,2026-10-01T15:47:44+00:00
94765882,2026-10-01,12000.0,4560,49.0,1,leaderboard,2026-10-01T15:47:44+00:00
95413681,2026-10-01,20200.0,8493,342.0,6,profile,2026-10-01T15:47:44+00:00
95485721,2026-10-01,42000.0,38436,111.0,19,leaderboard,2026-10-01T15:47:44+00:00
960965393,2026-10-01,15990.0,6964,339.0,4,profile,2026-10-01T15:47:44+00:00
972978970,2026-10-01,9120.0,3254,141.0,3,profile,2026-10-01T15:47:44+00:00
97398270,2026-10-01,8500.0,3960,170.0,3,leaderboard,2026-10-01T15:47:44+00:00
976304399,2026-10-01,35290.0,22965,528.0,25,leaderboard,2026-10-01T15:47:44+00:00
98563944,2026-10-01,11100.0,7500,211.0,4,leaderboard,2026-10-01T15:47:44+00:00
99068373,2026-10-01,10000.0,3600,0.0,2,profile,2026-10-01T15:47:44+00:00
99536214,2026-10-01,9580.0,4279,63.0,4,profile,2026-10-01T15:47:44+00:00
100035100,2026-10-02,199860.0,67606,347.0,17,leaderboard,2026-10-02T15:55:06+00:00
100084812,2026-10-02,25180.0,10771,478.0,8,profile,2026-10-02T15:55:06+00:00
100477885,2026-10-02,28660.0,12843,482.0,8,leaderboard,2026-10-02T15:55:06+00:00
100754249,2026-10-02,12460.0,8923,137.0,5,profile,2026-10-02T15:55:06+00:00
10265375,2026-10-02,70750.0,64815,4144.0,8,profile,2026-10-02T15:55:06+00:00
1032853960,2026-10-02,30680.0,18066,442.0,14,profile,2026-10-02T15:55:06+00:00
104519856,2026-10-02,18300.0,6760,183.0,6,profile,2026-10-02T15:55:06+00:00
1045617027,2026-10-02,10850.0,3733,3.0,2,leaderboard,2026-10-02T15:55:06+00:00
1045810176,2026-10-02,30060.0,14256,356.0,10,profile,2026-10-02T15:55:06+00:00
10480079,2026-10-02,13080.0,4934,0.0,3,profile,2026-10-02T15:55:06+00:00
1052869810,2026-10-02,15350.0,7004,276.0,5,profile,2026-10-02T15:55:06+00:00
1055628642,2026-10-02,14540.0,6040,0.0,5,profile,2026-10-02T15:55:06+00:00
106645250,2026-10-02,22030.0,7658,0.0,4,profile,2026-10-02T15:55:06+00:00
106746059,2026-10-02,4040.0,2337,18.0,2,profile,2026-10-02T15:55:06+00:00
107612077,2026-10-02,14320.0,5790,92.0,3,profile,2026-10-02T15:55:06+00:00
108546052,2026-10-02,35610.0,10349,632.0,7,profile,2026-10-02T15:55:06+00:00
109313656,2026-10-02,31700.0,16260,373.0,6,leaderboard,2026-10-02T15:55:06+00:00
109475426,2026-10-02,47700.0,16620,864.0,7,leaderboard,2026-10-02T15:55:06+00:00
110613308,2026-10-02,75590.0,38027,0.0,11,profile,2026-10-02T15:55:06+00:00
110727058,2026-10-02,165060.0,72099,1374.0,21,leaderboard,2026-10-02T15:55:06+00:00
110858656,2026-10-02,20140.0,8685,0.0,6,profile,2026-10-02T15:55:06+00:00
1112085991,2026-10-02,14030.0,5923,199.0,4,profile,2026-10-02T15:55:06+00:00
111449733,2026-10-02,19700.0,11160,370.0,7,leaderboard,2026-10-02T15:55:06+00:00
111650472,2026-10-02,9200.0,3840,196.0,2,leaderboard,2026-10-02T06:59:16+00:00
1116840817,2026-10-02,18730.0,7403,305.0,8,profile,2026-10-02T15:55:06+00:00
112728077,2026-10-02,24420.0,9272,4.0,6,leaderboard,2026-10-02T15:55:06+00:00
113362000,2026-10-02,24000.0,6660,330.0,3,leaderboard,2026-10-02T15:55:06+00:00
1136190508,2026-10-02,4940.0,1871,0.0,2,profile,2026-10-02T15:55:06+00:00
114308377,2026-10-02,41550.0,31764,367.0,11,leaderboard,2026-10-02T15:55:06+00:00
114848114,2026-10-02,17100.0,7312,253.0,7,profile,2026-10-02T15:55:06+00:00
115074455,2026-10-02,10970.0,8095,4.0,7,profile,2026-10-02T15:55:06+00:00
115077579,2026-10-02,8200.0,3300,309.0,3,profile,2026-10-02T15:55:06+00:00
116011578,2026-10-02,38800.0,12240,64.0,5,leaderboard,2026-10-02T15:55:06+00:00
116168250,2026-10-02,16360.0,14089,33.0,8,profile,2026-10-02T15:55:06+00:00
1163583894,2026-10-02,12470.0,8650,38.0,3,profile,2026-10-02T15:55:06+00:00
118781050,2026-10-02,29360.0,12388,61.0,9,leaderboard,2026-10-02T15:55:06+00:00
11879248,2026-10-02,16000.0,5580,122.0,4,leaderboard,2026-10-02T15:55:06+00:00
1195981575,2026-10-02,18870.0,5541,168.0,4,profile,2026-10-02T15:55:06+00:00
1202632109,2026-10-02,19700.0,9430,377.0,7,leaderboard,2026-10-02T15:55:06+00:00
120401037,2026-10-02,35670.0,14564,422.0,10,profile,2026-10-02T15:55:06+00:00
120477487,2026-10-02,45530.0,18316,838.0,7,leaderboard,2026-10-02T15:55:06+00:00
120662764,2026-10-02,35000.0,21835,399.0,5,leaderboard,2026-10-02T15:55:06+00:00
120724552,2026-10-02,5320.0,2170,0.0,3,profile,2026-10-02T15:55:06+00:00
1210065351,2026-10-02,12400.0,5746,257.0,4,profile,2026-10-02T15:55:06+00:00
1214400201,2026-10-02,16210.0,14221,268.0,5,profile,2026-10-02T15:55:06+00:00
1223997665,2026-10-02,24280.0,9821,511.0,16,leaderboard,2026-10-02T15:55:06+00:00
122674914,2026-10-02,33130.0,12541,525.0,10,profile,2026-10-02T15:55:06+00:00
123426273,2026-10-02,18920.0,12264,327.0,7,profile,2026-10-02T15:55:06+00:00
123739150,2026-10-02,22780.0,8318,232.0,6,profile,2026-10-02T15:55:06+00:00
124703756,2026-10-02,8020.0,6398,0.0,3,profile,2026-10-02T15:55:06+00:00
124842679,2026-10-02,2710.0,1585,0.0,1,profile,2026-10-02T15:55:06+00:00
124868467,2026-10-02,7330.0,6166,158.0,4,profile,2026-10-02T15:55:06+00:00
126568196,2026-10-02,9200.0,3360,98.0,2,leaderboard,2026-10-02T06:59:16+00:00
1268235870,2026-10-02,22750.0,10412,404.0,7,profile,2026-10-02T15:55:06+00:00
127011335,2026-10-02,5590.0,2291,0.0,2,profile,2026-10-02T15:55:06+00:00
127939240,2026-10-02,109430.0,75564,1644.0,64,leaderboard,2026-10-02T15:55:06+00:00
132102005,2026-10-02,2680.0,1103,0.0,1,profile,2026-10-02T15:55:06+00:00
132124444,2026-10-02,22730.0,9331,43.0,6,leaderboard,2026-10-02T15:55:06+00:00
132173149,2026-10-02,10000.0,3600,19.0,2,leaderboard,2026-10-02T15:55:06+00:00
132628474,2026-10-02,23370.0,15220,191.0,10,profile,2026-10-02T15:55:06+00:00
133017837,2026-10-02,17110.0,6100,0.0,4,profile,2026-10-02T15:55:06+00:00
1331939347,2026-10-02,17360.0,7702,151.0,5,profile,2026-10-02T15:55:06+00:00
133470756,2026-10-02,27010.0,11444,106.0,7,profile,2026-10-02T15:55:06+00:00
133768869,2026-10-02,39200.0,20700,158.0,8,leaderboard,2026-10-02T15:55:06+00:00
133863803,2026-10-02,4600.0,1843,96.0,1,profile,2026-10-02T15:55:06+00:00
1341225104,2026-10-02,840.0,525,19.0,2,profile,2026-10-02T15:55:06+00:00
135356920,2026-10-02,28600.0,12840,512.0,10,leaderboard,2026-10-02T15:55:06+00:00
135809326,2026-10-02,13320.0,5429,186.0,3,profile,2026-10-02T15:55:06+00:00
136696478,2026-10-02,31020.0,17266,503.0,18,leaderboard,2026-10-02T15:55:06+00:00
1367246648,2026-10-02,14800.0,5958,269.0,4,profile,2026-10-02T15:55:06+00:00
139521986,2026-10-02,25390.0,12499,441.0,10,leaderboard,2026-10-02T15:55:06+00:00
1405528165,2026-10-02,13880.0,8563,72.0,6,profile,2026-10-02T15:55:06+00:00
141358214,2026-10-02,33270.0,12335,85.0,8,profile,2026-10-02T15:55:06+00:00
141567060,2026-10-02,16450.0,9032,167.0,7,profile,2026-10-02T15:55:06+00:00
143147118,2026-10-02,11870.0,8410,288.0,6,profile,2026-10-02T15:55:06+00:00
143906121,2026-10-02,43950.0,17248,347.0,5,leaderboard,2026-10-02T15:55:06+00:00
1447891160,2026-10-02,18570.0,7849,318.0,5,profile,2026-10-02T15:55:06+00:00
145507555,2026-10-02,30200.0,10320,88.0,5,leaderboard,2026-10-02T15:55:06+00:00
146002130,2026-10-02,24940.0,5119,0.0,2,profile,2026-10-02T15:55:06+00:00
146502370,2026-10-02,49410.0,15305,664.0,6,leaderboard,2026-10-02T15:55:06+00:00
1467341794,2026-10-02,22790.0,15254,251.0,19,profile,2026-10-02T15:55:06+00:00
148422429,2026-10-02,11670.0,4924,0.0,4,profile,2026-10-02T15:55:06+00:00
1484419724,2026-10-02,18030.0,7678,339.0,6,profile,2026-10-02T15:55:06+00:00
1490218349,2026-10-02,18270.0,8669,354.0,6,profile,2026-10-02T15:55:06+00:00
1502219713,2026-10-02,10170.0,3707,0.0,2,profile,2026-10-02T15:55:06+00:00
150662631,2026-10-02,26100.0,9132,0.0,6,profile,2026-10-02T15:55:06+00:00
150713780,2026-10-02,17170.0,6208,257.0,4,profile,2026-10-02T15:55:06+00:00
150739400,2026-10-02,22090.0,10469,54.0,10,leaderboard,2026-10-02T15:55:06+00:00
15091569,2026-10-02,84170.0,32116,174.0,13,leaderboard,2026-10-02T15:55:06+00:00
151110773,2026-10-02,1200.0,891,38.0,1,profile,2026-10-02T15:55:06+00:00
151865501,2026-10-02,40840.0,26592,178.0,11,leaderboard,2026-10-02T15:55:06+00:00
152340879,2026-10-02,34900.0,13500,303.0,7,leaderboard,2026-10-02T15:55:06+00:00
1526822034,2026-10-02,137620.0,125462,1346.0,69,leaderboard,2026-10-02T15:55:06+00:00
1527214507,2026-10-02,9000.0,3600,0.0,2,profile,2026-10-02T15:55:06+00:00
152788103,2026-10-02,10450.0,3812,0.0,7,profile,2026-10-02T15:55:06+00:00
152934564,2026-10-02,29800.0,33060,249.0,3,leaderboard,2026-10-02T15:55:06+00:00
153068309,2026-10-02,3040.0,1283,0.0,1,profile,2026-10-02T15:55:06+00:00
153604225,2026-10-02,12990.0,4976,0.0,3,profile,2026-10-02T15:55:06+00:00
153672632,2026-10-02,4390.0,1741,0.0,2,profile,2026-10-02T15:55:06+00:00
154079240,2026-10-02,27370.0,11007,577.0,7,profile,2026-10-02T15:55:06+00:00
1547329003,2026-10-02,69120.0,37988,588.0,16,profile,2026-10-02T15:55:06+00:00
155939935,2026-10-02,22850.0,10538,0.0,8,profile,2026-10-02T15:55:06+00:00
1566906229,2026-10-02,17700.0,9040,107.0,4,profile,2026-10-02T15:55:06+00:00
157024690,2026-10-02,5100.0,1434,107.0,1,profile,2026-10-02T15:55:06+00:00
1571049595,2026-10-02,2400.0,827,0.0,1,profile,2026-10-02T15:55:06+00:00
157502017,2026-10-02,89090.0,34585,0.0,8,profile,2026-10-02T15:55:06+00:00
157900821,2026-10-02,32890.0,15733,96.0,9,profile,2026-10-02T15:55:06+00:00
157934075,2026-10-02,13770.0,6668,58.0,4,profile,2026-10-02T15:55:06+00:00
158225435,2026-10-02,7260.0,2774,0.0,2,profile,2026-10-02T15:55:06+00:00
159220662,2026-10-02,17590.0,7429,339.0,5,profile,2026-10-02T15:55:06+00:00
159549407,2026-10-02,30700.0,13020,636.0,12,leaderboard,2026-10-02T15:55:06+00:00
1598227059,2026-10-02,19050.0,7573,361.0,5,leaderboard,2026-10-02T15:55:06+00:00
1604453745,2026-10-02,17480.0,6788,327.0,5,profile,2026-10-02T15:55:06+00:00
160778013,2026-10-02,11000.0,6960,203.0,3,leaderboard,2026-10-02T15:55:06+00:00
161247740,2026-10-02,2460.0,789,0.0,1,profile,2026-10-02T15:55:06+00:00
161831314,2026-10-02,24420.0,11450,418.0,8,leaderboard,2026-10-02T15:55:06+00:00
162127012,2026-10-02,30600.0,13260,134.0,7,leaderboard,2026-10-02T15:55:06+00:00
162779719,2026-10-02,33670.0,13321,588.0,8,leaderboard,2026-10-02T15:55:06+00:00
1628083109,2026-10-02,3070.0,1030,65.0,1,profile,2026-10-02T15:55:06+00:00
164845584,2026-10-02,9990.0,4293,178.0,3,profile,2026-10-02T15:55:06+00:00
167744734,2026-10-02,35000.0,12480,566.0,12,leaderboard,2026-10-02T15:55:06+00:00
1693285525,2026-10-02,13210.0,6135,166.0,4,profile,2026-10-02T15:55:06+00:00
170365151,2026-10-02,18690.0,8845,0.0,5,profile,2026-10-02T15:55:06+00:00
170911566,2026-10-02,7430.0,2192,10.0,4,profile,2026-10-02T15:55:06+00:00
171043001,2026-10-02,55550.0,19470,201.0,13,profile,2026-10-02T15:55:06+00:00
171942690,2026-10-02,37800.0,16200,15.0,8,leaderboard,2026-10-02T15:55:06+00:00
171954993,2026-10-02,28940.0,16696,411.0,12,profile,2026-10-02T15:55:06+00:00
173103307,2026-10-02,15920.0,4977,0.0,5,profile,2026-10-02T15:55:06+00:00
17365525,2026-10-02,15700.0,7140,100.0,3,leaderboard,2026-10-02T15:55:06+00:00
174687887,2026-10-02,26780.0,14911,475.0,10,leaderboard,2026-10-02T15:55:06+00:00
175752894,2026-10-02,11440.0,6135,148.0,4,profile,2026-10-02T15:55:06+00:00
1771912550,2026-10-02,14050.0,12413,99.0,4,profile,2026-10-02T15:55:06+00:00
177326285,2026-10-02,35200.0,29880,388.0,9,leaderboard,2026-10-02T15:55:06+00:00
1774908317,2026-10-02,16100.0,10858,58.0,4,profile,2026-10-02T15:55:06+00:00
177612856,2026-10-02,104850.0,34525,426.0,11,leaderboard,2026-10-02T15:55:06+00:00
184714218,2026-10-02,27700.0,11400,605.0,11,leaderboard,2026-10-02T15:55:06+00:00
1847934457,2026-10-02,36420.0,16412,423.0,14,profile,2026-10-02T15:55:06+00:00
186565420,2026-10-02,6820.0,2383,52.0,1,profile,2026-10-02T15:55:06+00:00
187894549,2026-10-02,27200.0,16920,480.0,9,leaderboard,2026-10-02T15:55:06+00:00
1884997278,2026-10-02,28010.0,12635,442.0,9,leaderboard,2026-10-02T15:55:06+00:00
188794616,2026-10-02,17750.0,7450,0.0,5,profile,2026-10-02T15:55:06+00:00
189047270,2026-10-02,2930.0,1135,0.0,1,profile,2026-10-02T15:55:06+00:00
189069646,2026-10-02,25090.0,10499,513.0,8,profile,2026-10-02T15:55:06+00:00
191332072,2026-10-02,13000.0,5651,164.0,4,profile,2026-10-02T15:55:06+00:00
191939928,2026-10-02,19140.0,8298,248.0,6,profile,2026-10-02T15:55:06+00:00
192142661,2026-10-02,22530.0,12094,185.0,7,profile,2026-10-02T15:55:06+00:00
192170719,2026-10-02,226320.0,110944,1518.0,18,leaderboard,2026-10-02T15:55:06+00:00
192512132,2026-10-02,67800.0,25596,854.0,50,leaderboard,2026-10-02T15:55:06+00:00
192667624,2026-10-02,25240.0,12093,363.0,7,profile,2026-10-02T15:55:06+00:00
193386119,2026-10-02,8610.0,3961,0.0,2,profile,2026-10-02T15:55:06+00:00
194634355,2026-10-02,14040.0,6308,92.0,3,profile,2026-10-02T15:55:06+00:00
195412199,2026-10-02,27490.0,11769,412.0,12,leaderboard,2026-10-02T15:55:06+00:00
195798436,2026-10-02,8680.0,4720,96.0,5,profile,2026-10-02T15:55:06+00:00
196122264,2026-10-02,9390.0,4612,106.0,4,profile,2026-10-02T15:55:06+00:00
196225817,2026-10-02,20310.0,11713,393.0,10,leaderboard,2026-10-02T15:55:06+00:00
19669900,2026-10-02,5640.0,2304,0.0,2,profile,2026-10-02T15:55:06+00:00
197255581,2026-10-02,9920.0,3774,123.0,3,profile,2026-10-02T15:55:06+00:00
1975053728,2026-10-02,39370.0,12927,27.0,9,profile,2026-10-02T15:55:06+00:00
198739620,2026-10-02,1430.0,799,0.0,1,profile,2026-10-02T15:55:06+00:00
1990613575,2026-10-02,33700.0,15625,215.0,10,profile,2026-10-02T15:55:06+00:00
201644445,2026-10-02,26570.0,13966,565.0,10,leaderboard,2026-10-02T15:55:06+00:00
2033813827,2026-10-02,20070.0,8155,355.0,6,profile,2026-10-02T15:55:06+00:00
203802378,2026-10-02,30890.0,11833,0.0,7,profile,2026-10-02T15:55:06+00:00
203948646,2026-10-02,11500.0,4682,241.0,3,profile,2026-10-02T15:55:06+00:00
2048307954,2026-10-02,18690.0,7861,10.0,3,profile,2026-10-02T15:55:06+00:00
205841765,2026-10-02,6010.0,2562,0.0,2,profile,2026-10-02T15:55:06+00:00
206593849,2026-10-02,23870.0,9425,376.0,7,profile,2026-10-02T15:55:06+00:00
207082437,2026-10-02,11650.0,4880,208.0,4,profile,2026-10-02T15:55:06+00:00
21881038,2026-10-02,37700.0,13380,39.0,7,leaderboard,2026-10-02T15:55:06+00:00
23119791,2026-10-02,73080.0,33757,1036.0,7,leaderboard,2026-10-02T15:55:06+00:00
24255160,2026-10-02,82970.0,28347,36.0,13,leaderboard,2026-10-02T15:55:06+00:00
27521574,2026-10-02,61360.0,30686,160.0,12,leaderboard,2026-10-02T15:55:06+00:00
27799486,2026-10-02,250260.0,80995,434.0,31,leaderboard,2026-10-02T15:55:06+00:00
28971696,2026-10-02,37000.0,44160,52.0,15,leaderboard,2026-10-02T15:55:06+00:00
311541283,2026-10-02,19220.0,8042,389.0,6,profile,2026-10-02T15:55:06+00:00
321618515,2026-10-02,30970.0,34254,192.0,10,profile,2026-10-02T15:55:06+00:00
342021277,2026-10-02,11660.0,3655,109.0,3,profile,2026-10-02T15:55:06+00:00
363624620,2026-10-02,14740.0,8248,218.0,10,profile,2026-10-02T15:55:06+00:00
39804426,2026-10-02,3580.0,16684,0.0,3,profile,2026-10-02T15:55:06+00:00
39952568,2026-10-02,22450.0,7977,53.0,5,profile,2026-10-02T15:55:06+00:00
405251015,2026-10-02,17500.0,8302,62.0,4,profile,2026-10-02T15:55:06+00:00
44986384,2026-10-02,13000.0,7200,216.0,7,leaderboard,2026-10-02T15:55:06+00:00
457061847,2026-10-02,51720.0,22032,815.0,13,leaderboard,2026-10-02T15:55:06+00:00
46143071,2026-10-02,12220.0,5249,0.0,2,profile,2026-10-02T15:55:06+00:00
46309973,2026-10-02,19310.0,7555,399.0,5,leaderboard,2026-10-02T15:55:06+00:00
47562289,2026-10-02,18480.0,5817,324.0,3,leaderboard,2026-10-02T15:55:06+00:00
493938779,2026-10-02,9000.0,3600,0.0,2,profile,2026-10-02T15:55:06+00:00
50087178,2026-10-02,34150.0,14411,510.0,8,leaderboard,2026-10-02T15:55:06+00:00
518303998,2026-10-02,13680.0,5714,179.0,3,profile,2026-10-02T15:55:06+00:00
52120469,2026-10-02,26750.0,10998,292.0,5,leaderboard,2026-10-02T15:55:06+00:00
553225496,2026-10-02,11920.0,6659,103.0,3,profile,2026-10-02T15:55:06+00:00
564463530,2026-10-02,51780.0,21767,430.0,13,leaderboard,2026-10-02T15:55:06+00:00
57443105,2026-10-02,22240.0,9032,303.0,6,profile,2026-10-02T15:55:06+00:00
578477417,2026-10-02,39010.0,21648,501.0,15,leaderboard,2026-10-02T15:55:06+00:00
64519239,2026-10-02,26930.0,10684,376.0,8,profile,2026-10-02T15:55:06+00:00
65548123,2026-10-02,106190.0,57112,1631.0,15,leaderboard,2026-10-02T15:55:06+00:00
666291145,2026-10-02,17430.0,7892,226.0,6,profile,2026-10-02T15:55:06+00:00
66797450,2026-10-02,48150.0,21179,814.0,14,leaderboard,2026-10-02T15:55:06+00:00
69248105,2026-10-02,19780.0,8067,177.0,5,profile,2026-10-02T15:55:06+00:00
70370600,2026-10-02,61920.0,23798,209.0,13,leaderboard,2026-10-02T15:55:06+00:00
7099765,2026-10-02,44770.0,21991,212.0,9,leaderboard,2026-10-02T15:55:06+00:00
71248863,2026-10-02,115900.0,58980,788.0,34,leaderboard,2026-10-02T15:55:06+00:00
71374919,2026-10-02,14450.0,4746,97.0,6,profile,2026-10-02T15:55:06+00:00
71492207,2026-10-02,14110.0,5003,0.0,3,profile,2026-10-02T15:55:06+00:00
72368028,2026-10-02,26100.0,11580,180.0,5,leaderboard,2026-10-02T15:55:06+00:00
72823803,2026-10-02,28800.0,19978,534.0,12,leaderboard,2026-10-02T15:55:06+00:00
728364162,2026-10-02,22370.0,8148,0.0,8,profile,2026-10-02T15:55:06+00:00
73152201,2026-10-02,40700.0,43800,1788.0,5,leaderboard,2026-10-02T15:55:06+00:00
73295637,2026-10-02,24400.0,7380,680.0,5,leaderboard,2026-10-02T15:55:06+00:00
738209874,2026-10-02,20750.0,8766,100.0,6,profile,2026-10-02T15:55:06+00:00
75022646,2026-10-02,7160.0,4399,106.0,2,profile,2026-10-02T15:55:06+00:00
75965267,2026-10-02,114690.0,38952,222.0,15,leaderboard,2026-10-02T15:55:06+00:00
76263079,2026-10-02,5150.0,2582,230.0,2,profile,2026-10-02T15:55:06+00:00
769156342,2026-10-02,10920.0,4652,114.0,4,profile,2026-10-02T15:55:06+00:00
772349693,2026-10-02,15840.0,5412,195.0,6,profile,2026-10-02T15:55:06+00:00
77749742,2026-10-02,60930.0,27766,427.0,15,profile,2026-10-02T15:55:06+00:00
78296128,2026-10-02,5140.0,1841,0.0,1,profile,2026-10-02T15:55:06+00:00
78614218,2026-10-02,10700.0,5160,182.0,4,leaderboard,2026-10-02T15:55:06+00:00
78755580,2026-10-02,31560.0,12401,1.0,9,leaderboard,2026-10-02T15:55:06+00:00
79214730,2026-10-02,18350.0,8036,224.0,6,profile,2026-10-02T15:55:06+00:00
79725515,2026-10-02,33480.0,22255,133.0,11,profile,2026-10-02T15:55:06+00:00
79730738,2026-10-02,12560.0,5032,0.0,3,profile,2026-10-02T15:55:06+00:00
79840635,2026-10-02,7290.0,2338,0.0,3,profile,2026-10-02T15:55:06+00:00
80529470,2026-10-02,21580.0,9126,408.0,6,profile,2026-10-02T15:55:06+00:00
80962601,2026-10-02,15610.0,8791,278.0,5,profile,2026-10-02T15:55:06+00:00
81778281,2026-10-02,14390.0,9427,0.0,3,profile,2026-10-02T15:55:06+00:00
822671723,2026-10-02,11200.0,5520,60.0,4,leaderboard,2026-10-02T15:55:06+00:00
83776009,2026-10-02,20670.0,10579,398.0,11,leaderboard,2026-10-02T15:55:06+00:00
83920919,2026-10-02,40490.0,31231,474.0,12,profile,2026-10-02T15:55:06+00:00
84097989,2026-10-02,73140.0,53744,579.0,30,leaderboard,2026-10-02T15:55:06+00:00
84131505,2026-10-02,4140.0,1453,0.0,1,profile,2026-10-02T15:55:06+00:00
842201467,2026-10-02,4390.0,1637,0.0,2,profile,2026-10-02T15:55:06+00:00
84341125,2026-10-02,59320.0,27691,315.0,10,leaderboard,2026-10-02T15:55:06+00:00
85172622,2026-10-02,4660.0,1614,101.0,1,profile,2026-10-02T15:55:06+00:00
85400772,2026-10-02,34460.0,11518,615.0,4,profile,2026-10-02T15:55:06+00:00
85695683,2026-10-02,4050.0,3430,0.0,1,profile,2026-10-02T15:55:06+00:00
85736624,2026-10-02,49240.0,33003,681.0,15,leaderboard,2026-10-02T15:55:06+00:00
85932943,2026-10-02,113480.0,42900,63.0,11,leaderboard,2026-10-02T15:55:06+00:00
85952484,2026-10-02,10150.0,3503,187.0,3,profile,2026-10-02T15:55:06+00:00
86038871,2026-10-02,15710.0,6550,0.0,4,profile,2026-10-02T15:55:06+00:00
86453052,2026-10-02,9700.0,3720,0.0,1,leaderboard,2026-10-02T15:55:06+00:00
87093593,2026-10-02,6590.0,2693,140.0,1,profile,2026-10-02T15:55:06+00:00
87276442,2026-10-02,32700.0,12526,11.0,7,profile,2026-10-02T15:55:06+00:00
878275442,2026-10-02,14920.0,9737,132.0,8,profile,2026-10-02T15:55:06+00:00
88039032,2026-10-02,16350.0,8710,351.0,5,leaderboard,2026-10-02T15:55:06+00:00
88141864,2026-10-02,27850.0,10881,23.0,9,profile,2026-10-02T15:55:06+00:00
88199922,2026-10-02,170320.0,80307,1880.0,19,profile,2026-10-02T15:55:06+00:00
882080520,2026-10-02,23000.0,10586,389.0,4,leaderboard,2026-10-02T15:55:06+00:00
88220077,2026-10-02,12540.0,5801,155.0,4,profile,2026-10-02T15:55:06+00:00
88234067,2026-10-02,24400.0,12453,562.0,9,profile,2026-10-02T15:55:06+00:00
88564393,2026-10-02,2370.0,1059,53.0,1,profile,2026-10-02T15:55:06+00:00
88727615,2026-10-02,14360.0,5363,193.0,3,profile,2026-10-02T15:55:06+00:00
89357728,2026-10-02,58050.0,25091,31.0,16,leaderboard,2026-10-02T15:55:06+00:00
89433618,2026-10-02,17400.0,6120,142.0,3,leaderboard,2026-10-02T15:55:06+00:00
90503677,2026-10-02,13500.0,4785,217.0,6,profile,2026-10-02T15:55:06+00:00
91078242,2026-10-02,4200.0,1292,0.0,2,profile,2026-10-02T15:55:06+00:00
91343174,2026-10-02,14330.0,8475,0.0,4,profile,2026-10-02T15:55:06+00:00
91766687,2026-10-02,11000.0,4500,229.0,2,leaderboard,2026-10-02T15:55:06+00:00
91772478,2026-10-02,10300.0,5880,191.0,4,leaderboard,2026-10-02T15:55:06+00:00
92867104,2026-10-02,9900.0,4560,211.0,3,leaderboard,2026-10-02T15:55:06+00:00
92960264,2026-10-02,236060.0,181155,1350.0,42,leaderboard,2026-10-02T15:55:06+00:00
94231927,2026-10-02,9430.0,3690,0.0,2,profile,2026-10-02T15:55:06+00:00
94765882,2026-10-02,18000.0,7440,85.0,2,leaderboard,2026-10-02T15:55:06+00:00
95413681,2026-10-02,24640.0,10242,438.0,7,profile,2026-10-02T15:55:06+00:00
95485721,2026-10-02,45600.0,41496,150.0,22,leaderboard,2026-10-02T15:55:06+00:00
960965393,2026-10-02,15990.0,6964,339.0,4,profile,2026-10-02T15:55:06+00:00
972978970,2026-10-02,16570.0,6239,294.0,5,leaderboard,2026-10-02T15:55:06+00:00
976304399,2026-10-02,38990.0,25425,582.0,28,leaderboard,2026-10-02T15:55:06+00:00
98563944,2026-10-02,11100.0,7500,211.0,4,leaderboard,2026-10-02T15:55:06+00:00
99068373,2026-10-02,10000.0,3600,0.0,2,profile,2026-10-02T15:55:06+00:00
99332288,2026-10-02,10600.0,4200,221.0,3,leaderboard,2026-10-02T15:55:06+00:00
99536214,2026-10-02,9580.0,4279,63.0,4,profile,2026-10-02T15:55:06+00:00
100035100,2026-10-03,226860.0,78586,386.0,18,leaderboard,2026-10-03T15:55:47+00:00
100084812,2026-10-03,31720.0,17011,622.0,9,profile,2026-10-03T15:55:47+00:00
100477885,2026-10-03,28660.0,12843,482.0,8,leaderboard,2026-10-03T15:55:47+00:00
100754249,2026-10-03,12460.0,8923,137.0,5,profile,2026-10-03T15:55:47+00:00
10265375,2026-10-03,76160.0,66638,4164.0,9,leaderboard,2026-10-03T15:55:47+00:00
1032853960,2026-10-03,39370.0,24095,646.0,15,leaderboard,2026-10-03T15:55:47+00:00
104439807,2026-10-03,16300.0,6420,185.0,3,leaderboard,2026-10-03T15:55:47+00:00
104519856,2026-10-03,18300.0,6760,183.0,6,profile,2026-10-03T15:55:47+00:00
1045617027,2026-10-03,10850.0,3742,0.0,2,profile,2026-10-03T15:55:47+00:00
1045810176,2026-10-03,30060.0,14256,356.0,10,profile,2026-10-03T15:55:47+00:00
10480079,2026-10-03,13080.0,4934,0.0,3,profile,2026-10-03T15:55:47+00:00
1052869810,2026-10-03,15350.0,7004,276.0,5,profile,2026-10-03T15:55:47+00:00
1055628642,2026-10-03,14540.0,6040,0.0,5,profile,2026-10-03T15:55:47+00:00
106645250,2026-10-03,22030.0,7658,0.0,4,profile,2026-10-03T15:55:47+00:00
106746059,2026-10-03,4040.0,2337,18.0,2,profile,2026-10-03T15:55:47+00:00
107612077,2026-10-03,18610.0,7590,92.0,4,profile,2026-10-03T15:55:47+00:00
108546052,2026-10-03,35610.0,10349,632.0,7,profile,2026-10-03T15:55:47+00:00
109313656,2026-10-03,31700.0,16260,373.0,6,leaderboard,2026-10-03T15:55:47+00:00
109475426,2026-10-03,47700.0,16620,864.0,7,leaderboard,2026-10-03T15:55:47+00:00
110613308,2026-10-03,78540.0,39274,16.0,12,leaderboard,2026-10-03T15:55:47+00:00
110727058,2026-10-03,177360.0,79659,1640.0,22,leaderboard,2026-10-03T15:55:47+00:00
110858656,2026-10-03,20140.0,8685,0.0,6,profile,2026-10-03T15:55:47+00:00
1112085991,2026-10-03,14030.0,5923,199.0,4,profile,2026-10-03T15:55:47+00:00
111239944,2026-10-03,38100.0,13620,93.0,7,leaderboard,2026-10-03T15:55:47+00:00
111449733,2026-10-03,19700.0,11160,370.0,7,leaderboard,2026-10-03T15:55:47+00:00
1116840817,2026-10-03,18730.0,7403,305.0,8,profile,2026-10-03T15:55:47+00:00
112728077,2026-10-03,24420.0,9272,4.0,6,leaderboard,2026-10-03T15:55:47+00:00
113362000,2026-10-03,24000.0,6660,330.0,3,leaderboard,2026-10-03T15:55:47+00:00
1136190508,2026-10-03,4940.0,1871,0.0,2,profile,2026-10-03T15:55:47+00:00
114308377,2026-10-03,50150.0,38304,466.0,14,leaderboard,2026-10-03T15:55:47+00:00
114848114,2026-10-03,17100.0,7312,253.0,7,profile,2026-10-03T15:55:47+00:00
115074455,2026-10-03,10970.0,8095,4.0,7,profile,2026-10-03T15:55:47+00:00
115077579,2026-10-03,8200.0,3300,309.0,3,profile,2026-10-03T15:55:47+00:00
116011578,2026-10-03,66700.0,21900,184.0,8,leaderboard,2026-10-03T15:55:47+00:00
116168250,2026-10-03,16360.0,14089,33.0,8,profile,2026-10-03T15:55:47+00:00
1163583894,2026-10-03,12470.0,8650,38.0,3,profile,2026-10-03T15:55:47+00:00
118781050,2026-10-03,29380.0,12388,35.0,9,profile,2026-10-03T15:55:47+00:00
11879248,2026-10-03,16000.0,5580,122.0,4,leaderboard,2026-10-03T15:55:47+00:00
1195981575,2026-10-03,22370.0,6413,273.0,5,leaderboard,2026-10-03T15:55:47+00:00
1202632109,2026-10-03,19760.0,9432,363.0,7,profile,2026-10-03T15:55:47+00:00
120401037,2026-10-03,35670.0,14564,422.0,10,profile,2026-10-03T15:55:47+00:00
120477487,2026-10-03,45530.0,18316,838.0,7,leaderboard,2026-10-03T15:55:47+00:00
120662764,2026-10-03,35000.0,21835,399.0,5,leaderboard,2026-10-03T15:55:47+00:00
120724552,2026-10-03,5320.0,2170,0.0,3,profile,2026-10-03T15:55:47+00:00
1210065351,2026-10-03,12400.0,5746,257.0,4,profile,2026-10-03T15:55:47+00:00
1214400201,2026-10-03,16210.0,14221,268.0,5,profile,2026-10-03T15:55:47+00:00
1223997665,2026-10-03,24280.0,9821,511.0,16,leaderboard,2026-10-03T15:55:47+00:00
122674914,2026-10-03,33130.0,12541,525.0,10,profile,2026-10-03T15:55:47+00:00
123426273,2026-10-03,26150.0,17064,449.0,10,profile,2026-10-03T15:55:47+00:00
123739150,2026-10-03,27960.0,10375,241.0,8,profile,2026-10-03T15:55:47+00:00
124621944,2026-10-03,10080.0,3492,0.0,2,profile,2026-10-03T15:55:47+00:00
124703756,2026-10-03,8020.0,6398,0.0,3,profile,2026-10-03T15:55:47+00:00
124842679,2026-10-03,2710.0,1585,0.0,1,profile,2026-10-03T15:55:47+00:00
124868467,2026-10-03,7330.0,6166,158.0,4,profile,2026-10-03T15:55:47+00:00
1264472785,2026-10-03,31680.0,12251,383.0,8,profile,2026-10-03T15:55:47+00:00
126568196,2026-10-03,19200.0,6840,114.0,3,leaderboard,2026-10-03T15:55:47+00:00
1268235870,2026-10-03,22750.0,10412,404.0,7,profile,2026-10-03T15:55:47+00:00
127011335,2026-10-03,5590.0,2291,0.0,2,profile,2026-10-03T15:55:47+00:00
127939240,2026-10-03,112730.0,77844,1736.0,67,leaderboard,2026-10-03T15:55:47+00:00
128170970,2026-10-03,10010.0,3751,0.0,3,profile,2026-10-03T15:55:47+00:00
129762554,2026-10-03,59500.0,30000,802.0,18,leaderboard,2026-10-03T15:55:47+00:00
132102005,2026-10-03,2680.0,1103,0.0,1,profile,2026-10-03T15:55:47+00:00
132124444,2026-10-03,22730.0,9331,0.0,6,profile,2026-10-03T15:55:47+00:00
132173149,2026-10-03,14000.0,4860,102.0,3,leaderboard,2026-10-03T15:55:47+00:00
132628474,2026-10-03,23370.0,15220,191.0,10,profile,2026-10-03T15:55:47+00:00
133017837,2026-10-03,17110.0,6100,0.0,4,profile,2026-10-03T15:55:47+00:00
1331939347,2026-10-03,17360.0,7702,151.0,5,profile,2026-10-03T15:55:47+00:00
133470756,2026-10-03,27010.0,11444,106.0,7,profile,2026-10-03T15:55:47+00:00
133768869,2026-10-03,39200.0,20700,158.0,8,leaderboard,2026-10-03T15:55:47+00:00
133863803,2026-10-03,4600.0,1843,96.0,1,profile,2026-10-03T15:55:47+00:00
1341225104,2026-10-03,840.0,525,19.0,2,profile,2026-10-03T15:55:47+00:00
134977945,2026-10-03,12100.0,4200,66.0,3,leaderboard,2026-10-03T15:55:47+00:00
135809326,2026-10-03,13320.0,5429,186.0,3,profile,2026-10-03T15:55:47+00:00
136696478,2026-10-03,45020.0,23746,842.0,21,leaderboard,2026-10-03T15:55:47+00:00
1367246648,2026-10-03,14800.0,5958,269.0,4,profile,2026-10-03T15:55:47+00:00
139521986,2026-10-03,25390.0,12499,441.0,10,leaderboard,2026-10-03T15:55:47+00:00
1405528165,2026-10-03,13880.0,8563,72.0,6,profile,2026-10-03T15:55:47+00:00
141358214,2026-10-03,33270.0,12335,85.0,8,profile,2026-10-03T15:55:47+00:00
141567060,2026-10-03,16450.0,9032,167.0,7,profile,2026-10-03T15:55:47+00:00
1428532264,2026-10-03,14200.0,4740,16.0,2,leaderboard,2026-10-03T15:55:47+00:00
143147118,2026-10-03,12680.0,9450,288.0,7,profile,2026-10-03T15:55:47+00:00
143906121,2026-10-03,43950.0,17248,347.0,5,leaderboard,2026-10-03T15:55:47+00:00
1447891160,2026-10-03,18570.0,7849,318.0,5,profile,2026-10-03T15:55:47+00:00
145507555,2026-10-03,40200.0,14160,95.0,6,leaderboard,2026-10-03T15:55:47+00:00
145639218,2026-10-03,65320.0,32794,642.0,12,profile,2026-10-03T15:55:47+00:00
146002130,2026-10-03,24940.0,5119,0.0,2,profile,2026-10-03T15:55:47+00:00
146502370,2026-10-03,49410.0,15305,664.0,6,leaderboard,2026-10-03T15:55:47+00:00
1467341794,2026-10-03,22790.0,15254,251.0,19,profile,2026-10-03T15:55:47+00:00
148422429,2026-10-03,11670.0,4924,0.0,4,profile,2026-10-03T15:55:47+00:00
1484419724,2026-10-03,18030.0,7678,339.0,6,profile,2026-10-03T15:55:47+00:00
1490218349,2026-10-03,18270.0,8669,354.0,6,profile,2026-10-03T15:55:47+00:00
1502219713,2026-10-03,10170.0,3707,0.0,2,profile,2026-10-03T15:55:47+00:00
150662631,2026-10-03,26100.0,9132,0.0,6,profile,2026-10-03T15:55:47+00:00
150713780,2026-10-03,17170.0,6208,257.0,4,profile,2026-10-03T15:55:47+00:00
150739400,2026-10-03,22090.0,10469,54.0,10,leaderboard,2026-10-03T15:55:47+00:00
15091569,2026-10-03,93070.0,35716,202.0,14,leaderboard,2026-10-03T15:55:47+00:00
151110773,2026-10-03,1200.0,891,38.0,1,profile,2026-10-03T15:55:47+00:00
151865501,2026-10-03,40840.0,26592,178.0,11,leaderboard,2026-10-03T15:55:47+00:00
1526822034,2026-10-03,156420.0,143822,1451.0,74,leaderboard,2026-10-03T15:55:47+00:00
1527214507,2026-10-03,9000.0,3600,0.0,2,profile,2026-10-03T15:55:47+00:00
152788103,2026-10-03,10450.0,3812,0.0,7,profile,2026-10-03T15:55:47+00:00
152934564,2026-10-03,29800.0,33060,249.0,3,leaderboard,2026-10-03T15:55:47+00:00
153068309,2026-10-03,3040.0,1283,0.0,1,profile,2026-10-03T15:55:47+00:00
153604225,2026-10-03,20790.0,7614,0.0,4,profile,2026-10-03T15:55:47+00:00
153672632,2026-10-03,4390.0,1741,0.0,2,profile,2026-10-03T15:55:47+00:00
154079240,2026-10-03,27370.0,11007,577.0,7,profile,2026-10-03T15:55:47+00:00
1547329003,2026-10-03,69120.0,37988,588.0,16,profile,2026-10-03T15:55:47+00:00
155939935,2026-10-03,22850.0,10538,0.0,8,profile,2026-10-03T15:55:47+00:00
1566906229,2026-10-03,17700.0,9040,107.0,4,profile,2026-10-03T15:55:47+00:00
157024690,2026-10-03,5100.0,1434,107.0,1,profile,2026-10-03T15:55:47+00:00
1571049595,2026-10-03,2400.0,827,0.0,1,profile,2026-10-03T15:55:47+00:00
157502017,2026-10-03,89090.0,34585,0.0,8,profile,2026-10-03T15:55:47+00:00
157900821,2026-10-03,32890.0,15733,96.0,9,profile,2026-10-03T15:55:47+00:00
157934075,2026-10-03,13770.0,6668,58.0,4,profile,2026-10-03T15:55:47+00:00
158225435,2026-10-03,7260.0,2774,0.0,2,profile,2026-10-03T15:55:47+00:00
159220662,2026-10-03,18910.0,7984,373.0,6,profile,2026-10-03T15:55:47+00:00
159549407,2026-10-03,30700.0,13020,636.0,12,leaderboard,2026-10-03T15:55:47+00:00
1598227059,2026-10-03,19050.0,7573,361.0,5,leaderboard,2026-10-03T15:55:47+00:00
1604453745,2026-10-03,17480.0,6788,327.0,5,profile,2026-10-03T15:55:47+00:00
160778013,2026-10-03,11000.0,6960,203.0,3,leaderboard,2026-10-03T15:55:47+00:00
161247740,2026-10-03,2460.0,789,0.0,1,profile,2026-10-03T15:55:47+00:00
161831314,2026-10-03,24420.0,11450,418.0,8,leaderboard,2026-10-03T15:55:47+00:00
162779719,2026-10-03,37070.0,15121,600.0,10,leaderboard,2026-10-03T15:55:47+00:00
1628083109,2026-10-03,3070.0,1030,65.0,1,profile,2026-10-03T15:55:47+00:00
164845584,2026-10-03,13910.0,6897,232.0,4,leaderboard,2026-10-03T15:55:47+00:00
167744734,2026-10-03,40600.0,14280,587.0,13,leaderboard,2026-10-03T15:55:47+00:00
1692646933,2026-10-03,13000.0,4920,196.0,3,leaderboard,2026-10-03T15:55:47+00:00
1693285525,2026-10-03,13210.0,6135,166.0,4,profile,2026-10-03T15:55:47+00:00
170365151,2026-10-03,22670.0,10570,66.0,6,leaderboard,2026-10-03T15:55:47+00:00
170911566,2026-10-03,7430.0,2192,10.0,4,profile,2026-10-03T15:55:47+00:00
171043001,2026-10-03,79350.0,28877,422.0,16,leaderboard,2026-10-03T15:55:47+00:00
171942690,2026-10-03,37800.0,16200,15.0,8,leaderboard,2026-10-03T15:55:47+00:00
171954993,2026-10-03,28940.0,16696,411.0,12,profile,2026-10-03T15:55:47+00:00
172978948,2026-10-03,7470.0,2331,222.0,2,profile,2026-10-03T15:55:47+00:00
173103307,2026-10-03,15920.0,4977,0.0,5,profile,2026-10-03T15:55:47+00:00
17365525,2026-10-03,23800.0,12780,119.0,5,leaderboard,2026-10-03T15:55:47+00:00
1746450647,2026-10-03,39680.0,20537,517.0,12,profile,2026-10-03T15:55:47+00:00
174687887,2026-10-03,26780.0,14911,475.0,10,leaderboard,2026-10-03T15:55:47+00:00
175752894,2026-10-03,11440.0,6135,148.0,4,profile,2026-10-03T15:55:47+00:00
1771912550,2026-10-03,14050.0,12413,99.0,4,profile,2026-10-03T15:55:47+00:00
177326285,2026-10-03,35200.0,29880,388.0,9,leaderboard,2026-10-03T15:55:47+00:00
1774908317,2026-10-03,16990.0,11514,58.0,6,profile,2026-10-03T15:55:47+00:00
177612856,2026-10-03,114850.0,37885,446.0,12,leaderboard,2026-10-03T15:55:47+00:00
184714218,2026-10-03,27700.0,11400,605.0,11,leaderboard,2026-10-03T15:55:47+00:00
1847934457,2026-10-03,36420.0,16412,423.0,14,profile,2026-10-03T15:55:47+00:00
1856298974,2026-10-03,10870.0,3918,0.0,3,profile,2026-10-03T15:55:47+00:00
186565420,2026-10-03,6820.0,2383,52.0,1,profile,2026-10-03T15:55:47+00:00
187894549,2026-10-03,32300.0,19620,553.0,10,leaderboard,2026-10-03T15:55:47+00:00
1884997278,2026-10-03,28080.0,12693,442.0,9,profile,2026-10-03T15:55:47+00:00
188794616,2026-10-03,17750.0,7450,0.0,5,profile,2026-10-03T15:55:47+00:00
189013681,2026-10-03,23830.0,10966,216.0,8,profile,2026-10-03T15:55:47+00:00
189047270,2026-10-03,2930.0,1135,0.0,1,profile,2026-10-03T15:55:47+00:00
189069646,2026-10-03,25090.0,10499,513.0,8,profile,2026-10-03T15:55:47+00:00
191332072,2026-10-03,13000.0,5651,164.0,4,profile,2026-10-03T15:55:47+00:00
191939928,2026-10-03,19140.0,8298,248.0,6,profile,2026-10-03T15:55:47+00:00
192114981,2026-10-03,5000.0,1744,0.0,1,profile,2026-10-03T15:55:47+00:00
192142661,2026-10-03,22530.0,12094,185.0,7,profile,2026-10-03T15:55:47+00:00
192170719,2026-10-03,226320.0,110944,1518.0,18,leaderboard,2026-10-03T15:55:47+00:00
192512132,2026-10-03,68500.0,25956,859.0,51,leaderboard,2026-10-03T15:55:47+00:00
192667624,2026-10-03,25240.0,12093,363.0,7,profile,2026-10-03T15:55:47+00:00
193386119,2026-10-03,8610.0,3961,0.0,2,profile,2026-10-03T15:55:47+00:00
194634355,2026-10-03,19980.0,10992,208.0,4,leaderboard,2026-10-03T15:55:47+00:00
195412199,2026-10-03,27490.0,11769,412.0,12,leaderboard,2026-10-03T15:55:47+00:00
195798436,2026-10-03,8680.0,4720,96.0,5,profile,2026-10-03T15:55:47+00:00
196122264,2026-10-03,9390.0,4612,106.0,4,profile,2026-10-03T15:55:47+00:00
196225817,2026-10-03,20390.0,11770,394.0,10,profile,2026-10-03T15:55:47+00:00
196395868,2026-10-03,27740.0,12013,329.0,8,profile,2026-10-03T15:55:47+00:00
19669900,2026-10-03,5640.0,2304,0.0,2,profile,2026-10-03T15:55:47+00:00
197255581,2026-10-03,9920.0,3774,123.0,3,profile,2026-10-03T15:55:47+00:00
1975053728,2026-10-03,39370.0,12927,27.0,9,profile,2026-10-03T15:55:47+00:00
197511646,2026-10-03,62640.0,38204,558.0,13,profile,2026-10-03T15:55:47+00:00
197915835,2026-10-03,15260.0,5587,194.0,6,profile,2026-10-03T15:55:47+00:00
198739620,2026-10-03,1430.0,799,0.0,1,profile,2026-10-03T15:55:47+00:00
1990613575,2026-10-03,33700.0,15625,215.0,10,profile,2026-10-03T15:55:47+00:00
201644445,2026-10-03,26570.0,13966,565.0,10,leaderboard,2026-10-03T15:55:47+00:00
2033813827,2026-10-03,20070.0,8155,355.0,6,profile,2026-10-03T15:55:47+00:00
203782547,2026-10-03,22180.0,8454,0.0,3,profile,2026-10-03T15:55:47+00:00
203802378,2026-10-03,30890.0,11833,0.0,7,profile,2026-10-03T15:55:47+00:00
203948646,2026-10-03,11500.0,4682,241.0,3,profile,2026-10-03T15:55:47+00:00
204262058,2026-10-03,20030.0,7070,81.0,3,profile,2026-10-03T15:55:47+00:00
2048307954,2026-10-03,18690.0,7861,10.0,3,profile,2026-10-03T15:55:47+00:00
205755605,2026-10-03,14500.0,5638,0.0,3,profile,2026-10-03T15:55:47+00:00
205841765,2026-10-03,6010.0,2562,0.0,2,profile,2026-10-03T15:55:47+00:00
206593849,2026-10-03,23870.0,9425,376.0,7,profile,2026-10-03T15:55:47+00:00
207082437,2026-10-03,11650.0,4880,208.0,4,profile,2026-10-03T15:55:47+00:00
21881038,2026-10-03,37700.0,13380,39.0,7,leaderboard,2026-10-03T15:55:47+00:00
23119791,2026-10-03,83080.0,37837,1076.0,8,leaderboard,2026-10-03T15:55:47+00:00
24255160,2026-10-03,94370.0,38967,310.0,14,leaderboard,2026-10-03T15:55:47+00:00
27521574,2026-10-03,61360.0,30686,160.0,12,leaderboard,2026-10-03T15:55:47+00:00
27799486,2026-10-03,278560.0,90415,465.0,33,leaderboard,2026-10-03T15:55:47+00:00
28971696,2026-10-03,37000.0,44160,52.0,15,leaderboard,2026-10-03T15:55:47+00:00
311541283,2026-10-03,19220.0,8042,389.0,6,profile,2026-10-03T15:55:47+00:00
321618515,2026-10-03,30970.0,34254,192.0,10,profile,2026-10-03T15:55:47+00:00
342021277,2026-10-03,11660.0,3655,109.0,3,profile,2026-10-03T15:55:47+00:00
363624620,2026-10-03,14740.0,8248,218.0,10,profile,2026-10-03T15:55:47+00:00
39804426,2026-10-03,3580.0,16684,0.0,3,profile,2026-10-03T15:55:47+00:00
39952568,2026-10-03,22450.0,7977,53.0,5,profile,2026-10-03T15:55:47+00:00
40109055,2026-10-03,52360.0,19054,0.0,9,profile,2026-10-03T15:55:47+00:00
405251015,2026-10-03,17500.0,8302,62.0,4,profile,2026-10-03T15:55:47+00:00
44986384,2026-10-03,13000.0,7200,216.0,7,leaderboard,2026-10-03T15:55:47+00:00
457061847,2026-10-03,51720.0,22032,815.0,13,leaderboard,2026-10-03T15:55:47+00:00
46143071,2026-10-03,22040.0,10987,20.0,3,leaderboard,2026-10-03T15:55:47+00:00
46309973,2026-10-03,19330.0,7577,399.0,5,profile,2026-10-03T15:55:47+00:00
47562289,2026-10-03,18480.0,5817,324.0,3,leaderboard,2026-10-03T15:55:47+00:00
493938779,2026-10-03,9000.0,3600,0.0,2,profile,2026-10-03T15:55:47+00:00
50087178,2026-10-03,34220.0,14445,509.0,8,profile,2026-10-03T15:55:47+00:00
518303998,2026-10-03,13680.0,5714,179.0,3,profile,2026-10-03T15:55:47+00:00
52120469,2026-10-03,26750.0,10998,292.0,5,leaderboard,2026-10-03T15:55:47+00:00
53931622,2026-10-03,5420.0,5825,40.0,4,profile,2026-10-03T15:55:47+00:00
553225496,2026-10-03,11920.0,6659,103.0,3,profile,2026-10-03T15:55:47+00:00
564463530,2026-10-03,51780.0,21767,430.0,13,leaderboard,2026-10-03T15:55:47+00:00
57443105,2026-10-03,22240.0,9032,303.0,6,profile,2026-10-03T15:55:47+00:00
578477417,2026-10-03,39010.0,21648,501.0,15,leaderboard,2026-10-03T15:55:47+00:00
619192671,2026-10-03,38000.0,27705,294.0,5,profile,2026-10-03T15:55:47+00:00
64519239,2026-10-03,26930.0,10684,376.0,8,profile,2026-10-03T15:55:47+00:00
65548123,2026-10-03,106190.0,57112,1631.0,15,leaderboard,2026-10-03T15:55:47+00:00
666291145,2026-10-03,17430.0,7892,226.0,6,profile,2026-10-03T15:55:47+00:00
66797450,2026-10-03,48150.0,21179,814.0,14,leaderboard,2026-10-03T15:55:47+00:00
69248105,2026-10-03,19780.0,8067,177.0,5,profile,2026-10-03T15:55:47+00:00
70370600,2026-10-03,61920.0,23798,209.0,13,leaderboard,2026-10-03T15:55:47+00:00
7099765,2026-10-03,44780.0,22008,128.0,9,profile,2026-10-03T15:55:47+00:00
71248863,2026-10-03,127300.0,66360,963.0,37,leaderboard,2026-10-03T15:55:47+00:00
71374919,2026-10-03,14450.0,4746,97.0,6,profile,2026-10-03T15:55:47+00:00
71492207,2026-10-03,14110.0,5003,0.0,3,profile,2026-10-03T15:55:47+00:00
72368028,2026-10-03,26100.0,11580,180.0,5,leaderboard,2026-10-03T15:55:47+00:00
72823803,2026-10-03,28800.0,19978,534.0,12,leaderboard,2026-10-03T15:55:47+00:00
728364162,2026-10-03,22370.0,8148,0.0,8,profile,2026-10-03T15:55:47+00:00
73152201,2026-10-03,40700.0,43800,1788.0,5,leaderboard,2026-10-03T15:55:47+00:00
73295637,2026-10-03,24400.0,7380,680.0,5,leaderboard,2026-10-03T15:55:47+00:00
738209874,2026-10-03,20750.0,8766,100.0,6,profile,2026-10-03T15:55:47+00:00
75022646,2026-10-03,7160.0,4399,106.0,2,profile,2026-10-03T15:55:47+00:00
75965267,2026-10-03,121290.0,41172,222.0,16,leaderboard,2026-10-03T15:55:47+00:00
76263079,2026-10-03,5150.0,2582,230.0,2,profile,2026-10-03T15:55:47+00:00
769156342,2026-10-03,10920.0,4652,114.0,4,profile,2026-10-03T15:55:47+00:00
772349693,2026-10-03,15840.0,5412,195.0,6,profile,2026-10-03T15:55:47+00:00
77749742,2026-10-03,64010.0,29106,427.0,16,profile,2026-10-03T15:55:47+00:00
78296128,2026-10-03,5140.0,1841,0.0,1,profile,2026-10-03T15:55:47+00:00
78755580,2026-10-03,31560.0,12401,1.0,9,leaderboard,2026-10-03T15:55:47+00:00
79214730,2026-10-03,18350.0,8036,224.0,6,profile,2026-10-03T15:55:47+00:00
79725515,2026-10-03,36960.0,25602,240.0,12,profile,2026-10-03T15:55:47+00:00
79730738,2026-10-03,12560.0,5032,0.0,3,profile,2026-10-03T15:55:47+00:00
79840635,2026-10-03,9690.0,3101,0.0,4,profile,2026-10-03T15:55:47+00:00
79973945,2026-10-03,41500.0,16320,164.0,6,leaderboard,2026-10-03T15:55:47+00:00
80529470,2026-10-03,21580.0,9126,408.0,6,profile,2026-10-03T15:55:47+00:00
80962601,2026-10-03,15610.0,8791,278.0,5,profile,2026-10-03T15:55:47+00:00
81778281,2026-10-03,14390.0,9427,0.0,3,profile,2026-10-03T15:55:47+00:00
822671723,2026-10-03,11200.0,5520,60.0,4,leaderboard,2026-10-03T15:55:47+00:00
83042334,2026-10-03,3050.0,973,0.0,1,profile,2026-10-03T15:55:47+00:00
83776009,2026-10-03,20670.0,10579,398.0,11,leaderboard,2026-10-03T15:55:47+00:00
83920919,2026-10-03,46970.0,33742,474.0,13,profile,2026-10-03T15:55:47+00:00
84097989,2026-10-03,78640.0,59084,718.0,31,leaderboard,2026-10-03T15:55:47+00:00
84131505,2026-10-03,4140.0,1453,0.0,1,profile,2026-10-03T15:55:47+00:00
842201467,2026-10-03,4390.0,1637,0.0,2,profile,2026-10-03T15:55:47+00:00
84341125,2026-10-03,59320.0,27691,315.0,10,leaderboard,2026-10-03T15:55:47+00:00
85172622,2026-10-03,4660.0,1614,101.0,1,profile,2026-10-03T15:55:47+00:00
85400772,2026-10-03,34460.0,11518,615.0,4,profile,2026-10-03T15:55:47+00:00
85695683,2026-10-03,4050.0,3430,0.0,1,profile,2026-10-03T15:55:47+00:00
85736624,2026-10-03,49540.0,33183,681.0,16,leaderboard,2026-10-03T15:55:47+00:00
85932943,2026-10-03,125480.0,47520,73.0,12,leaderboard,2026-10-03T15:55:47+00:00
85952484,2026-10-03,10150.0,3503,187.0,3,profile,2026-10-03T15:55:47+00:00
86038871,2026-10-03,15710.0,6550,0.0,4,profile,2026-10-03T15:55:47+00:00
87093593,2026-10-03,6590.0,2693,140.0,1,profile,2026-10-03T15:55:47+00:00
87276442,2026-10-03,32700.0,12526,11.0,7,profile,2026-10-03T15:55:47+00:00
87759627,2026-10-03,14500.0,14100,439.0,2,leaderboard,2026-10-03T15:55:47+00:00
878275442,2026-10-03,17570.0,11777,132.0,10,profile,2026-10-03T15:55:47+00:00
88039032,2026-10-03,16350.0,8710,351.0,5,leaderboard,2026-10-03T15:55:47+00:00
88141864,2026-10-03,27850.0,10881,23.0,9,profile,2026-10-03T15:55:47+00:00
88199922,2026-10-03,170320.0,80307,1880.0,19,profile,2026-10-03T15:55:47+00:00
882080520,2026-10-03,23080.0,10586,389.0,4,profile,2026-10-03T15:55:47+00:00
88220077,2026-10-03,12540.0,5801,155.0,4,profile,2026-10-03T15:55:47+00:00
88234067,2026-10-03,24400.0,12453,562.0,9,profile,2026-10-03T15:55:47+00:00
88564393,2026-10-03,2370.0,1059,53.0,1,profile,2026-10-03T15:55:47+00:00
88727615,2026-10-03,14360.0,5363,193.0,3,profile,2026-10-03T15:55:47+00:00
89357728,2026-10-03,68050.0,29411,55.0,17,leaderboard,2026-10-03T15:55:47+00:00
89433618,2026-10-03,17400.0,6120,142.0,3,leaderboard,2026-10-03T15:55:47+00:00
90503677,2026-10-03,13500.0,4785,217.0,6,profile,2026-10-03T15:55:47+00:00
91078242,2026-10-03,4200.0,1292,0.0,2,profile,2026-10-03T15:55:47+00:00
91343174,2026-10-03,17830.0,9722,0.0,5,profile,2026-10-03T15:55:47+00:00
91348082,2026-10-03,12300.0,9900,281.0,2,leaderboard,2026-10-03T15:55:47+00:00
91348499,2026-10-03,18900.0,9521,0.0,8,profile,2026-10-03T15:55:47+00:00
91766687,2026-10-03,23300.0,9240,267.0,3,leaderboard,2026-10-03T15:55:47+00:00
92960264,2026-10-03,240560.0,183855,1375.0,43,leaderboard,2026-10-03T15:55:47+00:00
94231927,2026-10-03,9430.0,3690,0.0,2,profile,2026-10-03T15:55:47+00:00
94765882,2026-10-03,18000.0,7440,85.0,2,leaderboard,2026-10-03T15:55:47+00:00
95413681,2026-10-03,24640.0,10242,438.0,7,profile,2026-10-03T15:55:47+00:00
95485721,2026-10-03,45600.0,41496,150.0,22,leaderboard,2026-10-03T15:55:47+00:00
95658913,2026-10-03,10450.0,4980,0.0,1,profile,2026-10-03T15:55:47+00:00
960965393,2026-10-03,15990.0,6964,339.0,4,profile,2026-10-03T15:55:47+00:00
972978970,2026-10-03,16640.0,6262,295.0,5,profile,2026-10-03T15:55:47+00:00
973907811,2026-10-03,7360.0,3361,186.0,5,profile,2026-10-03T15:55:47+00:00
976304399,2026-10-03,38990.0,25425,582.0,28,leaderboard,2026-10-03T15:55:47+00:00
98501936,2026-10-03,21710.0,7176,206.0,6,profile,2026-10-03T15:55:47+00:00
98563944,2026-10-03,11100.0,7500,211.0,4,leaderboard,2026-10-03T15:55:47+00:00
99068373,2026-10-03,10000.0,3600,0.0,2,profile,2026-10-03T15:55:47+00:00
99536214,2026-10-03,9580.0,4279,63.0,4,profile,2026-10-03T15:55:47+00:00
100035100,2026-10-04,226860.0,78586,386.0,18,leaderboard,2026-10-07T11:49:08+00:00
100084812,2026-10-04,31720.0,17011,622.0,9,profile,2026-10-06T15:56:00+00:00
100332682,2026-10-04,24290.0,8864,0.0,4,profile,2026-10-06T15:56:00+00:00
100477885,2026-10-04,28660.0,12843,482.0,8,leaderboard,2026-10-07T11:49:08+00:00
100754249,2026-10-04,12460.0,8923,137.0,5,profile,2026-10-06T15:56:00+00:00
10265375,2026-10-04,81660.0,68618,4175.0,10,leaderboard,2026-10-07T11:49:08+00:00
1032853960,2026-10-04,41770.0,25835,724.0,17,leaderboard,2026-10-07T11:49:08+00:00
104017126,2026-10-04,18880.0,8133,0.0,3,profile,2026-10-06T15:56:00+00:00
104439807,2026-10-04,16300.0,6420,185.0,3,leaderboard,2026-10-07T11:49:08+00:00
104519856,2026-10-04,18300.0,6760,183.0,6,profile,2026-10-06T15:56:00+00:00
1045617027,2026-10-04,10850.0,3742,0.0,2,profile,2026-10-06T15:56:00+00:00
1045810176,2026-10-04,33180.0,15337,433.0,11,leaderboard,2026-10-07T11:49:08+00:00
10480079,2026-10-04,13080.0,4934,0.0,3,profile,2026-10-06T15:56:00+00:00
1052869810,2026-10-04,29130.0,11958,430.0,8,leaderboard,2026-10-07T11:49:08+00:00
1055628642,2026-10-04,14540.0,6040,0.0,5,profile,2026-10-06T15:56:00+00:00
106645250,2026-10-04,22030.0,7658,0.0,4,profile,2026-10-06T15:56:00+00:00
106746059,2026-10-04,4040.0,2337,18.0,2,profile,2026-10-06T15:56:00+00:00
107612077,2026-10-04,21820.0,8552,163.0,5,leaderboard,2026-10-07T11:49:08+00:00
108546052,2026-10-04,40970.0,11985,632.0,8,profile,2026-10-06T15:56:00+00:00
109313656,2026-10-04,31700.0,16260,373.0,6,leaderboard,2026-10-07T11:49:08+00:00
109475426,2026-10-04,58700.0,20880,888.0,8,leaderboard,2026-10-07T11:49:08+00:00
110613308,2026-10-04,90740.0,45394,69.0,14,leaderboard,2026-10-07T11:49:08+00:00
110727058,2026-10-04,187560.0,83679,1766.0,23,leaderboard,2026-10-07T11:49:08+00:00
110858656,2026-10-04,20140.0,8685,0.0,6,profile,2026-10-06T15:56:00+00:00
1112085991,2026-10-04,14030.0,5923,199.0,4,profile,2026-10-06T15:56:00+00:00
111239944,2026-10-04,38100.0,13620,93.0,7,leaderboard,2026-10-07T11:49:08+00:00
111449733,2026-10-04,19700.0,11160,370.0,7,leaderboard,2026-10-07T11:49:08+00:00
1116840817,2026-10-04,18730.0,7403,305.0,8,profile,2026-10-06T15:56:00+00:00
112728077,2026-10-04,24420.0,9272,4.0,6,leaderboard,2026-10-07T11:49:08+00:00
113362000,2026-10-04,24000.0,6660,330.0,3,leaderboard,2026-10-04T15:55:45+00:00
1136190508,2026-10-04,4940.0,1871,0.0,2,profile,2026-10-06T15:56:00+00:00
114308377,2026-10-04,52550.0,40044,471.0,15,leaderboard,2026-10-07T11:49:08+00:00
114848114,2026-10-04,17100.0,7312,253.0,7,profile,2026-10-06T15:56:00+00:00
115074455,2026-10-04,10970.0,8095,4.0,7,profile,2026-10-06T15:56:00+00:00
115077579,2026-10-04,8200.0,3300,309.0,3,profile,2026-10-06T15:56:00+00:00
116011578,2026-10-04,66700.0,21900,184.0,8,leaderboard,2026-10-07T11:49:08+00:00
116168250,2026-10-04,16360.0,14089,33.0,8,profile,2026-10-06T15:56:00+00:00
1163583894,2026-10-04,15390.0,10979,38.0,4,profile,2026-10-06T15:56:00+00:00
118781050,2026-10-04,29380.0,12388,35.0,9,profile,2026-10-06T15:56:00+00:00
11879248,2026-10-04,16000.0,5580,122.0,4,leaderboard,2026-10-07T11:49:08+00:00
1195981575,2026-10-04,22370.0,6413,273.0,5,leaderboard,2026-10-07T11:49:08+00:00
1202632109,2026-10-04,21980.0,9929,418.0,8,profile,2026-10-06T15:56:00+00:00
120401037,2026-10-04,35670.0,14564,422.0,10,profile,2026-10-06T15:56:00+00:00
120477487,2026-10-04,45530.0,18316,838.0,7,leaderboard,2026-10-07T11:49:08+00:00
120662764,2026-10-04,35000.0,21835,399.0,5,leaderboard,2026-10-07T11:49:08+00:00
120724552,2026-10-04,5320.0,2170,0.0,3,profile,2026-10-06T15:56:00+00:00
1210065351,2026-10-04,12400.0,5746,257.0,4,profile,2026-10-06T15:56:00+00:00
1214400201,2026-10-04,16210.0,14221,268.0,5,profile,2026-10-06T15:56:00+00:00
122172917,2026-10-04,19560.0,9612,64.0,4,profile,2026-10-06T15:56:00+00:00
1223997665,2026-10-04,24280.0,9821,511.0,16,leaderboard,2026-10-07T11:49:08+00:00
122674914,2026-10-04,33130.0,12541,525.0,10,profile,2026-10-06T15:56:00+00:00
123426273,2026-10-04,26150.0,17064,449.0,10,profile,2026-10-06T15:56:00+00:00
123739150,2026-10-04,28860.0,11113,241.0,9,profile,2026-10-06T15:56:00+00:00
124621944,2026-10-04,10080.0,3492,0.0,2,profile,2026-10-06T15:56:00+00:00
124703756,2026-10-04,8020.0,6398,0.0,3,profile,2026-10-06T15:56:00+00:00
124842679,2026-10-04,3600.0,2177,0.0,2,profile,2026-10-06T15:56:00+00:00
124868467,2026-10-04,7330.0,6166,158.0,4,profile,2026-10-06T15:56:00+00:00
1264472785,2026-10-04,31680.0,12251,383.0,8,profile,2026-10-06T15:56:00+00:00
126568196,2026-10-04,19200.0,6840,114.0,3,leaderboard,2026-10-07T11:49:08+00:00
1268235870,2026-10-04,22750.0,10412,404.0,7,profile,2026-10-06T15:56:00+00:00
126913964,2026-10-04,25630.0,9531,203.0,3,profile,2026-10-06T15:56:00+00:00
127011335,2026-10-04,5590.0,2291,0.0,2,profile,2026-10-06T15:56:00+00:00
127199963,2026-10-04,14200.0,5640,151.0,5,leaderboard,2026-10-07T11:49:08+00:00
127939240,2026-10-04,122330.0,83604,1842.0,70,leaderboard,2026-10-07T11:49:08+00:00
128170970,2026-10-04,10010.0,3751,0.0,3,profile,2026-10-06T15:56:00+00:00
128205328,2026-10-04,31510.0,11504,25.0,5,leaderboard,2026-10-07T11:49:08+00:00
129762554,2026-10-04,59500.0,30000,802.0,18,leaderboard,2026-10-07T11:49:08+00:00
132102005,2026-10-04,2680.0,1103,0.0,1,profile,2026-10-06T15:56:00+00:00
132124444,2026-10-04,22730.0,9331,0.0,6,profile,2026-10-06T15:56:00+00:00
132173149,2026-10-04,14000.0,4860,102.0,3,leaderboard,2026-10-07T11:49:08+00:00
132628474,2026-10-04,23370.0,15220,191.0,10,profile,2026-10-06T15:56:00+00:00
133017837,2026-10-04,17110.0,6100,0.0,4,profile,2026-10-06T15:56:00+00:00
1331939347,2026-10-04,17360.0,7702,151.0,5,profile,2026-10-06T15:56:00+00:00
133470756,2026-10-04,29110.0,12347,106.0,8,profile,2026-10-06T15:56:00+00:00
133768869,2026-10-04,39200.0,20700,158.0,8,leaderboard,2026-10-07T11:49:08+00:00
133863803,2026-10-04,4600.0,1843,96.0,1,profile,2026-10-06T15:56:00+00:00
1341225104,2026-10-04,840.0,525,19.0,2,profile,2026-10-06T15:56:00+00:00
134977945,2026-10-04,12100.0,4200,66.0,3,leaderboard,2026-10-05T15:55:32+00:00
135809326,2026-10-04,13320.0,5429,186.0,3,profile,2026-10-06T15:56:00+00:00
136696478,2026-10-04,45020.0,23746,842.0,21,leaderboard,2026-10-07T11:49:08+00:00
1367246648,2026-10-04,14800.0,5958,269.0,4,profile,2026-10-06T15:56:00+00:00
138151922,2026-10-04,22370.0,9390,256.0,7,profile,2026-10-06T15:56:00+00:00
139521986,2026-10-04,25430.0,12517,441.0,10,profile,2026-10-06T15:56:00+00:00
1405528165,2026-10-04,13880.0,8563,72.0,6,profile,2026-10-06T15:56:00+00:00
141358214,2026-10-04,33270.0,12335,85.0,8,profile,2026-10-06T15:56:00+00:00
141567060,2026-10-04,16450.0,9032,167.0,7,profile,2026-10-06T15:56:00+00:00
1428532264,2026-10-04,19200.0,6480,57.0,3,leaderboard,2026-10-07T11:49:08+00:00
143147118,2026-10-04,13710.0,10451,288.0,8,profile,2026-10-06T15:56:00+00:00
1433924818,2026-10-04,56260.0,26730,0.0,9,profile,2026-10-06T15:56:00+00:00
143906121,2026-10-04,43970.0,17288,348.0,5,profile,2026-10-06T15:56:00+00:00
1447891160,2026-10-04,26150.0,10759,480.0,7,profile,2026-10-06T15:56:00+00:00
145507555,2026-10-04,44200.0,15420,100.0,7,leaderboard,2026-10-07T11:49:08+00:00
145639218,2026-10-04,65320.0,32794,642.0,12,profile,2026-10-06T15:56:00+00:00
146002130,2026-10-04,24940.0,5119,0.0,2,profile,2026-10-06T15:56:00+00:00
146502370,2026-10-04,59410.0,18725,668.0,7,leaderboard,2026-10-07T11:49:08+00:00
1467341794,2026-10-04,22790.0,15254,251.0,19,profile,2026-10-06T15:56:00+00:00
148422429,2026-10-04,13840.0,5750,0.0,5,profile,2026-10-06T15:56:00+00:00
1484419724,2026-10-04,21790.0,9442,417.0,7,profile,2026-10-06T15:56:00+00:00
1490218349,2026-10-04,18270.0,8669,354.0,6,profile,2026-10-06T15:56:00+00:00
1502219713,2026-10-04,10170.0,3707,0.0,2,profile,2026-10-06T15:56:00+00:00
150662631,2026-10-04,26100.0,9132,0.0,6,profile,2026-10-06T15:56:00+00:00
150713780,2026-10-04,17170.0,6208,257.0,4,profile,2026-10-06T15:56:00+00:00
150739400,2026-10-04,22120.0,10510,38.0,10,profile,2026-10-06T15:56:00+00:00
15091569,2026-10-04,93070.0,35716,202.0,14,leaderboard,2026-10-07T11:49:08+00:00
151110773,2026-10-04,1200.0,891,38.0,1,profile,2026-10-06T15:56:00+00:00
151549210,2026-10-04,5190.0,1950,81.0,2,profile,2026-10-06T15:56:00+00:00
151738622,2026-10-04,23690.0,10013,0.0,5,profile,2026-10-06T15:56:00+00:00
151865501,2026-10-04,40840.0,26592,178.0,11,leaderboard,2026-10-07T11:49:08+00:00
1526822034,2026-10-04,163820.0,152042,1467.0,80,leaderboard,2026-10-07T11:49:08+00:00
1527214507,2026-10-04,9000.0,3600,0.0,2,profile,2026-10-06T15:56:00+00:00
152788103,2026-10-04,10450.0,3812,0.0,7,profile,2026-10-06T15:56:00+00:00
152934564,2026-10-04,29800.0,33060,249.0,3,leaderboard,2026-10-07T11:49:08+00:00
153068309,2026-10-04,3040.0,1283,0.0,1,profile,2026-10-06T15:56:00+00:00
153604225,2026-10-04,25210.0,9179,0.0,5,profile,2026-10-06T15:56:00+00:00
153672632,2026-10-04,4390.0,1741,0.0,2,profile,2026-10-06T15:56:00+00:00
1537205451,2026-10-04,5000.0,2434,0.0,1,profile,2026-10-06T15:56:00+00:00
154079240,2026-10-04,27370.0,11007,577.0,7,profile,2026-10-06T15:56:00+00:00
1547329003,2026-10-04,69120.0,37988,588.0,16,profile,2026-10-06T15:56:00+00:00
155939935,2026-10-04,22850.0,10538,0.0,8,profile,2026-10-06T15:56:00+00:00
1566906229,2026-10-04,20160.0,10859,107.0,5,profile,2026-10-06T15:56:00+00:00
157024690,2026-10-04,5100.0,1434,107.0,1,profile,2026-10-06T15:56:00+00:00
1571049595,2026-10-04,2400.0,827,0.0,1,profile,2026-10-06T15:56:00+00:00
157502017,2026-10-04,111130.0,43585,0.0,9,profile,2026-10-06T15:56:00+00:00
157900821,2026-10-04,37150.0,17488,149.0,10,leaderboard,2026-10-07T11:49:08+00:00
157934075,2026-10-04,16170.0,7911,58.0,5,profile,2026-10-06T15:56:00+00:00
158225435,2026-10-04,11260.0,4325,0.0,3,profile,2026-10-06T15:56:00+00:00
159220662,2026-10-04,18910.0,7984,373.0,6,profile,2026-10-06T15:56:00+00:00
159549407,2026-10-04,30700.0,13020,636.0,12,leaderboard,2026-10-07T11:49:08+00:00
1598227059,2026-10-04,19100.0,7630,319.0,5,profile,2026-10-06T15:56:00+00:00
1604453745,2026-10-04,24350.0,9847,468.0,7,profile,2026-10-06T15:56:00+00:00
161247740,2026-10-04,2460.0,789,0.0,1,profile,2026-10-06T15:56:00+00:00
161831314,2026-10-04,24460.0,11479,372.0,8,profile,2026-10-06T15:56:00+00:00
162593239,2026-10-04,16500.0,7440,203.0,3,leaderboard,2026-10-07T11:49:08+00:00
162779719,2026-10-04,39070.0,15721,606.0,11,leaderboard,2026-10-07T11:49:08+00:00
1628083109,2026-10-04,3070.0,1030,65.0,1,profile,2026-10-06T15:56:00+00:00
163961148,2026-10-04,13660.0,5498,168.0,4,profile,2026-10-06T15:56:00+00:00
164845584,2026-10-04,17710.0,9957,289.0,5,leaderboard,2026-10-07T11:49:08+00:00
167744734,2026-10-04,46300.0,16440,613.0,14,leaderboard,2026-10-07T11:49:08+00:00
1692646933,2026-10-04,13000.0,4920,196.0,3,leaderboard,2026-10-07T11:49:08+00:00
1693285525,2026-10-04,29500.0,14999,196.0,5,leaderboard,2026-10-07T11:49:08+00:00
170365151,2026-10-04,27670.0,12550,76.0,7,leaderboard,2026-10-07T11:49:08+00:00
170911566,2026-10-04,13990.0,6512,10.0,5,profile,2026-10-06T15:56:00+00:00
171043001,2026-10-04,79350.0,28877,422.0,16,leaderboard,2026-10-07T11:49:08+00:00
171942690,2026-10-04,37800.0,16200,15.0,8,leaderboard,2026-10-07T11:49:08+00:00
171954993,2026-10-04,28940.0,16696,411.0,12,profile,2026-10-06T15:56:00+00:00
172978948,2026-10-04,8780.0,3051,222.0,3,profile,2026-10-06T15:56:00+00:00
173103307,2026-10-04,15920.0,4977,0.0,5,profile,2026-10-06T15:56:00+00:00
17365525,2026-10-04,30000.0,15240,142.0,6,leaderboard,2026-10-07T11:49:08+00:00
1746450647,2026-10-04,43280.0,21925,573.0,13,profile,2026-10-06T15:56:00+00:00
174687887,2026-10-04,26780.0,14911,475.0,10,leaderboard,2026-10-07T11:49:08+00:00
175752894,2026-10-04,14850.0,7535,226.0,5,profile,2026-10-06T15:56:00+00:00
176275673,2026-10-04,5000.0,1620,0.0,1,profile,2026-10-06T15:56:00+00:00
1771912550,2026-10-04,35180.0,25331,690.0,6,profile,2026-10-06T15:56:00+00:00
177326285,2026-10-04,35200.0,29880,388.0,9,leaderboard,2026-10-07T11:49:08+00:00
1774908317,2026-10-04,16990.0,11514,58.0,6,profile,2026-10-06T15:56:00+00:00
177612856,2026-10-04,136950.0,45745,505.0,15,leaderboard,2026-10-07T11:49:08+00:00
18447136,2026-10-04,53990.0,44015,733.0,14,leaderboard,2026-10-07T11:49:08+00:00
184714218,2026-10-04,32900.0,12900,714.0,14,leaderboard,2026-10-07T11:49:08+00:00
1847934457,2026-10-04,37490.0,16999,423.0,15,profile,2026-10-06T15:56:00+00:00
1856298974,2026-10-04,10870.0,3918,0.0,3,profile,2026-10-06T15:56:00+00:00
186565420,2026-10-04,6820.0,2383,52.0,1,profile,2026-10-06T15:56:00+00:00
187894549,2026-10-04,34900.0,20700,625.0,12,leaderboard,2026-10-07T11:49:08+00:00
1884997278,2026-10-04,28080.0,12693,442.0,9,profile,2026-10-06T15:56:00+00:00
188794616,2026-10-04,17750.0,7450,0.0,5,profile,2026-10-06T15:56:00+00:00
189013681,2026-10-04,23830.0,10966,216.0,8,profile,2026-10-06T15:56:00+00:00
189047270,2026-10-04,2930.0,1135,0.0,1,profile,2026-10-06T15:56:00+00:00
189069646,2026-10-04,25090.0,10499,513.0,8,profile,2026-10-06T15:56:00+00:00
191332072,2026-10-04,13000.0,5651,164.0,4,profile,2026-10-06T15:56:00+00:00
191683956,2026-10-04,5130.0,3247,43.0,4,profile,2026-10-06T15:56:00+00:00
191939928,2026-10-04,19140.0,8298,248.0,6,profile,2026-10-06T15:56:00+00:00
192114981,2026-10-04,5000.0,1744,0.0,1,profile,2026-10-06T15:56:00+00:00
192142661,2026-10-04,22530.0,12094,185.0,7,profile,2026-10-06T15:56:00+00:00
192170719,2026-10-04,226320.0,110944,1518.0,18,leaderboard,2026-10-07T11:49:08+00:00
192512132,2026-10-04,68500.0,25956,859.0,51,leaderboard,2026-10-07T11:49:08+00:00
192667624,2026-10-04,25240.0,12093,363.0,7,profile,2026-10-06T15:56:00+00:00
193386119,2026-10-04,11700.0,5177,0.0,3,profile,2026-10-06T15:56:00+00:00
194634355,2026-10-04,19980.0,10992,208.0,4,leaderboard,2026-10-07T11:49:08+00:00
195412199,2026-10-04,28800.0,12815,433.0,13,profile,2026-10-06T15:56:00+00:00
195798436,2026-10-04,8680.0,4720,96.0,5,profile,2026-10-06T15:56:00+00:00
196122264,2026-10-04,9390.0,4612,106.0,4,profile,2026-10-06T15:56:00+00:00
196225817,2026-10-04,20390.0,11770,394.0,10,profile,2026-10-06T15:56:00+00:00
196395868,2026-10-04,32100.0,13530,329.0,9,profile,2026-10-06T15:56:00+00:00
19669900,2026-10-04,5640.0,2304,0.0,2,profile,2026-10-06T15:56:00+00:00
197255581,2026-10-04,9920.0,3774,123.0,3,profile,2026-10-06T15:56:00+00:00
1975053728,2026-10-04,42880.0,14104,27.0,10,profile,2026-10-06T15:56:00+00:00
197511646,2026-10-04,65490.0,40271,611.0,15,profile,2026-10-06T15:56:00+00:00
197915835,2026-10-04,15260.0,5587,194.0,6,profile,2026-10-06T15:56:00+00:00
197963991,2026-10-04,14480.0,5428,111.0,3,profile,2026-10-06T15:56:00+00:00
198245997,2026-10-04,9200.0,4545,0.0,2,profile,2026-10-06T15:56:00+00:00
198739620,2026-10-04,3560.0,1785,0.0,2,profile,2026-10-06T15:56:00+00:00
1990613575,2026-10-04,33700.0,15625,215.0,10,profile,2026-10-06T15:56:00+00:00
199940540,2026-10-04,23320.0,13440,359.0,4,profile,2026-10-06T15:56:00+00:00
201644445,2026-10-04,26570.0,13966,565.0,10,leaderboard,2026-10-07T11:49:08+00:00
2033813827,2026-10-04,20070.0,8155,355.0,6,profile,2026-10-06T15:56:00+00:00
203782547,2026-10-04,22180.0,8454,0.0,3,profile,2026-10-06T15:56:00+00:00
203802378,2026-10-04,30890.0,11833,0.0,7,profile,2026-10-06T15:56:00+00:00
203948646,2026-10-04,11500.0,4682,241.0,3,profile,2026-10-06T15:56:00+00:00
204262058,2026-10-04,20030.0,7070,81.0,3,profile,2026-10-06T15:56:00+00:00
2045659159,2026-10-04,20300.0,10207,334.0,6,profile,2026-10-06T15:56:00+00:00
2048307954,2026-10-04,18690.0,7861,10.0,3,profile,2026-10-06T15:56:00+00:00
205755605,2026-10-04,17210.0,6352,0.0,4,profile,2026-10-06T15:56:00+00:00
205841765,2026-10-04,6010.0,2562,0.0,2,profile,2026-10-06T15:56:00+00:00
206593849,2026-10-04,23870.0,9425,376.0,7,profile,2026-10-06T15:56:00+00:00
207082437,2026-10-04,11650.0,4880,208.0,4,profile,2026-10-06T15:56:00+00:00
21881038,2026-10-04,51000.0,18300,39.0,8,leaderboard,2026-10-07T11:49:08+00:00
22751016,2026-10-04,14240.0,5828,202.0,5,profile,2026-10-06T15:56:00+00:00
23119791,2026-10-04,83080.0,37837,1076.0,8,leaderboard,2026-10-07T11:49:08+00:00
24255160,2026-10-04,118370.0,47847,354.0,15,leaderboard,2026-10-07T11:49:08+00:00
27521574,2026-10-04,61360.0,30686,160.0,12,leaderboard,2026-10-07T11:49:08+00:00
27799486,2026-10-04,293160.0,95095,511.0,34,leaderboard,2026-10-07T11:49:08+00:00
28971696,2026-10-04,41100.0,48000,309.0,16,leaderboard,2026-10-07T11:49:08+00:00
311541283,2026-10-04,19220.0,8042,389.0,6,profile,2026-10-06T15:56:00+00:00
319830493,2026-10-04,19490.0,2864,0.0,1,profile,2026-10-06T15:56:00+00:00
32097458,2026-10-04,28380.0,9668,0.0,7,profile,2026-10-06T15:56:00+00:00
321618515,2026-10-04,30970.0,34254,192.0,10,profile,2026-10-06T15:56:00+00:00
342021277,2026-10-04,12780.0,4780,131.0,4,profile,2026-10-06T15:56:00+00:00
3473035,2026-10-04,10050.0,4521,0.0,2,profile,2026-10-06T15:56:00+00:00
363624620,2026-10-04,14740.0,8248,218.0,10,profile,2026-10-06T15:56:00+00:00
39804426,2026-10-04,5860.0,100204,0.0,4,profile,2026-10-06T15:56:00+00:00
39952568,2026-10-04,26800.0,10080,81.0,6,leaderboard,2026-10-07T11:49:08+00:00
40109055,2026-10-04,52360.0,19054,0.0,9,profile,2026-10-06T15:56:00+00:00
405251015,2026-10-04,17500.0,8302,62.0,4,profile,2026-10-06T15:56:00+00:00
428335349,2026-10-04,19750.0,8225,260.0,6,profile,2026-10-06T15:56:00+00:00
44986384,2026-10-04,13000.0,7200,216.0,7,leaderboard,2026-10-07T11:49:08+00:00
457061847,2026-10-04,54420.0,22992,848.0,14,leaderboard,2026-10-07T11:49:08+00:00
46143071,2026-10-04,22040.0,10987,20.0,3,leaderboard,2026-10-07T11:49:08+00:00
46309973,2026-10-04,19330.0,7577,399.0,5,profile,2026-10-06T15:56:00+00:00
47562289,2026-10-04,18540.0,5831,278.0,3,profile,2026-10-06T15:56:00+00:00
493938779,2026-10-04,14000.0,10800,0.0,3,profile,2026-10-06T15:56:00+00:00
50087178,2026-10-04,34220.0,14445,509.0,8,profile,2026-10-06T15:56:00+00:00
518303998,2026-10-04,13680.0,5714,179.0,3,profile,2026-10-06T15:56:00+00:00
52120469,2026-10-04,26750.0,10998,292.0,5,leaderboard,2026-10-07T11:49:08+00:00
53931622,2026-10-04,9450.0,10450,40.0,7,profile,2026-10-06T15:56:00+00:00
553225496,2026-10-04,11920.0,6659,103.0,3,profile,2026-10-06T15:56:00+00:00
564463530,2026-10-04,57480.0,24287,451.0,14,leaderboard,2026-10-07T11:49:08+00:00
57443105,2026-10-04,22240.0,9032,303.0,6,profile,2026-10-06T15:56:00+00:00
578477417,2026-10-04,39010.0,21648,501.0,15,leaderboard,2026-10-07T11:49:08+00:00
61688773,2026-10-04,14800.0,5638,112.0,4,profile,2026-10-06T15:56:00+00:00
619192671,2026-10-04,42190.0,31185,359.0,6,leaderboard,2026-10-07T11:49:08+00:00
64256484,2026-10-04,10150.0,4920,45.0,1,profile,2026-10-06T15:56:00+00:00
64519239,2026-10-04,26930.0,10684,376.0,8,profile,2026-10-06T15:56:00+00:00
65548123,2026-10-04,128390.0,65452,1679.0,16,leaderboard,2026-10-07T11:49:08+00:00
666291145,2026-10-04,17430.0,7892,226.0,6,profile,2026-10-06T15:56:00+00:00
66797450,2026-10-04,48150.0,21179,814.0,14,leaderboard,2026-10-07T11:49:08+00:00
69248105,2026-10-04,19780.0,8067,177.0,5,profile,2026-10-06T15:56:00+00:00
70370600,2026-10-04,61920.0,23798,209.0,13,leaderboard,2026-10-07T11:49:08+00:00
7099765,2026-10-04,50670.0,24151,263.0,10,leaderboard,2026-10-07T11:49:08+00:00
71248863,2026-10-04,135600.0,72360,1037.0,39,leaderboard,2026-10-07T11:49:08+00:00
71374919,2026-10-04,14450.0,4746,97.0,6,profile,2026-10-06T15:56:00+00:00
71492207,2026-10-04,18630.0,6601,0.0,4,profile,2026-10-06T15:56:00+00:00
72368028,2026-10-04,26130.0,11620,123.0,5,profile,2026-10-06T15:56:00+00:00
72823803,2026-10-04,28800.0,19978,534.0,12,leaderboard,2026-10-07T11:49:08+00:00
728364162,2026-10-04,30080.0,11210,0.0,10,profile,2026-10-06T15:56:00+00:00
73152201,2026-10-04,45000.0,47460,1788.0,6,leaderboard,2026-10-07T11:49:08+00:00
73295637,2026-10-04,24410.0,7380,680.0,5,profile,2026-10-06T15:56:00+00:00
738209874,2026-10-04,20750.0,8766,100.0,6,profile,2026-10-06T15:56:00+00:00
75022646,2026-10-04,7160.0,4399,106.0,2,profile,2026-10-06T15:56:00+00:00
75965267,2026-10-04,141490.0,47772,252.0,17,leaderboard,2026-10-07T11:49:08+00:00
76263079,2026-10-04,5150.0,2582,230.0,2,profile,2026-10-06T15:56:00+00:00
769156342,2026-10-04,10920.0,4652,114.0,4,profile,2026-10-06T15:56:00+00:00
772349693,2026-10-04,15840.0,5412,195.0,6,profile,2026-10-06T15:56:00+00:00
77749742,2026-10-04,69040.0,31567,427.0,17,profile,2026-10-06T15:56:00+00:00
78296128,2026-10-04,5140.0,1841,0.0,1,profile,2026-10-06T15:56:00+00:00
78755580,2026-10-04,36560.0,14501,2.0,10,leaderboard,2026-10-07T11:49:08+00:00
79214730,2026-10-04,18350.0,8036,224.0,6,profile,2026-10-06T15:56:00+00:00
79725515,2026-10-04,36960.0,25602,240.0,12,profile,2026-10-06T15:56:00+00:00
79730738,2026-10-04,12560.0,5032,0.0,3,profile,2026-10-06T15:56:00+00:00
79840635,2026-10-04,12090.0,3872,0.0,5,profile,2026-10-06T15:56:00+00:00
79973945,2026-10-04,41500.0,16320,164.0,6,leaderboard,2026-10-07T11:49:08+00:00
80529470,2026-10-04,21580.0,9126,408.0,6,profile,2026-10-06T15:56:00+00:00
80643624,2026-10-04,16520.0,4777,168.0,7,profile,2026-10-06T15:56:00+00:00
80962601,2026-10-04,15610.0,8791,278.0,5,profile,2026-10-06T15:56:00+00:00
81685787,2026-10-04,7300.0,3108,64.0,2,profile,2026-10-06T15:56:00+00:00
81778281,2026-10-04,14390.0,9427,0.0,3,profile,2026-10-06T15:56:00+00:00
82046099,2026-10-04,7020.0,2916,0.0,2,profile,2026-10-06T15:56:00+00:00
82197781,2026-10-04,34770.0,15479,20.0,6,profile,2026-10-06T15:56:00+00:00
822671723,2026-10-04,12200.0,6060,63.0,5,leaderboard,2026-10-07T11:49:08+00:00
83042334,2026-10-04,3050.0,973,0.0,1,profile,2026-10-06T15:56:00+00:00
83776009,2026-10-04,20670.0,10579,398.0,11,leaderboard,2026-10-07T11:49:08+00:00
83920919,2026-10-04,46970.0,33742,474.0,13,profile,2026-10-06T15:56:00+00:00
84097989,2026-10-04,86840.0,64904,846.0,35,leaderboard,2026-10-07T11:49:08+00:00
84131505,2026-10-04,4140.0,1453,0.0,1,profile,2026-10-06T15:56:00+00:00
842201467,2026-10-04,4390.0,1637,0.0,2,profile,2026-10-06T15:56:00+00:00
84341125,2026-10-04,90420.0,40471,318.0,12,leaderboard,2026-10-07T11:49:08+00:00
85172622,2026-10-04,4660.0,1614,101.0,1,profile,2026-10-06T15:56:00+00:00
85400772,2026-10-04,34460.0,11518,615.0,4,profile,2026-10-06T15:56:00+00:00
85695683,2026-10-04,4050.0,3430,0.0,1,profile,2026-10-06T15:56:00+00:00
85736624,2026-10-04,54540.0,37263,696.0,18,leaderboard,2026-10-07T11:49:08+00:00
85806908,2026-10-04,15050.0,6747,170.0,4,profile,2026-10-06T15:56:00+00:00
85932943,2026-10-04,133180.0,49740,97.0,13,leaderboard,2026-10-07T11:49:08+00:00
85952484,2026-10-04,10150.0,3503,187.0,3,profile,2026-10-06T15:56:00+00:00
86038871,2026-10-04,15710.0,6550,0.0,4,profile,2026-10-06T15:56:00+00:00
87093593,2026-10-04,6590.0,2693,140.0,1,profile,2026-10-06T15:56:00+00:00
87276442,2026-10-04,32700.0,12526,11.0,7,profile,2026-10-06T15:56:00+00:00
87759627,2026-10-04,27900.0,25200,596.0,3,leaderboard,2026-10-07T11:49:08+00:00
878275442,2026-10-04,17570.0,11777,132.0,10,profile,2026-10-06T15:56:00+00:00
88039032,2026-10-04,18250.0,9610,401.0,6,leaderboard,2026-10-07T11:49:08+00:00
88141864,2026-10-04,27850.0,10881,23.0,9,profile,2026-10-06T15:56:00+00:00
88199922,2026-10-04,209820.0,96909,2300.0,22,profile,2026-10-06T15:56:00+00:00
88207075,2026-10-04,11150.0,6180,0.0,1,profile,2026-10-06T15:56:00+00:00
882080520,2026-10-04,23080.0,10586,389.0,4,profile,2026-10-06T15:56:00+00:00
88220077,2026-10-04,12540.0,5801,155.0,4,profile,2026-10-06T15:56:00+00:00
88234067,2026-10-04,24400.0,12453,562.0,9,profile,2026-10-06T15:56:00+00:00
88564393,2026-10-04,2370.0,1059,53.0,1,profile,2026-10-06T15:56:00+00:00
88727615,2026-10-04,14360.0,5363,193.0,3,profile,2026-10-06T15:56:00+00:00
89357728,2026-10-04,68050.0,29411,55.0,17,leaderboard,2026-10-07T11:49:08+00:00
89433618,2026-10-04,17400.0,6120,142.0,3,leaderboard,2026-10-07T11:49:08+00:00
90503677,2026-10-04,13500.0,4785,217.0,6,profile,2026-10-06T15:56:00+00:00
91078242,2026-10-04,4200.0,1292,0.0,2,profile,2026-10-06T15:56:00+00:00
91343174,2026-10-04,17830.0,9722,0.0,5,profile,2026-10-06T15:56:00+00:00
91348082,2026-10-04,12300.0,9900,281.0,2,leaderboard,2026-10-07T11:49:08+00:00
91348499,2026-10-04,21310.0,10301,0.0,9,profile,2026-10-06T15:56:00+00:00
91766687,2026-10-04,23300.0,9240,267.0,3,leaderboard,2026-10-07T11:49:08+00:00
92960264,2026-10-04,253560.0,202575,1486.0,45,leaderboard,2026-10-07T11:49:08+00:00
94231927,2026-10-04,9430.0,3690,0.0,2,profile,2026-10-06T15:56:00+00:00
94765882,2026-10-04,22000.0,8760,114.0,3,leaderboard,2026-10-07T11:49:08+00:00
95413681,2026-10-04,24640.0,10242,438.0,7,profile,2026-10-06T15:56:00+00:00
95485721,2026-10-04,52200.0,46896,185.0,26,leaderboard,2026-10-07T11:49:08+00:00
95658913,2026-10-04,10450.0,4980,0.0,1,profile,2026-10-06T15:56:00+00:00
960965393,2026-10-04,15990.0,6964,339.0,4,profile,2026-10-06T15:56:00+00:00
972978970,2026-10-04,16640.0,6262,295.0,5,profile,2026-10-06T15:56:00+00:00
973907811,2026-10-04,7360.0,3361,186.0,5,profile,2026-10-06T15:56:00+00:00
976304399,2026-10-04,38990.0,25425,582.0,28,leaderboard,2026-10-07T11:49:08+00:00
977045547,2026-10-04,3090.0,1105,0.0,1,profile,2026-10-06T15:56:00+00:00
97821753,2026-10-04,36400.0,7500,263.0,3,leaderboard,2026-10-07T11:49:08+00:00
98501936,2026-10-04,21710.0,7176,206.0,6,profile,2026-10-06T15:56:00+00:00
99068373,2026-10-04,10000.0,3600,0.0,2,profile,2026-10-06T15:56:00+00:00
99536214,2026-10-04,9580.0,4279,63.0,4,profile,2026-10-06T15:56:00+00:00
100017228,2026-10-05,12100.0,6180,245.0,5,leaderboard,2026-10-05T15:55:32+00:00
100260722,2026-10-05,12790.0,4139,169.0,3,leaderboard,2026-10-05T15:55:32+00:00
100332682,2026-10-05,29790.0,10844,8.0,5,leaderboard,2026-10-05T15:55:32+00:00
100754249,2026-10-05,14640.0,11580,184.0,6,profile,2026-10-05T15:55:32+00:00
104519856,2026-10-05,22000.0,7960,265.0,7,leaderboard,2026-10-05T15:55:32+00:00
10480079,2026-10-05,19380.0,9554,257.0,4,leaderboard,2026-10-05T15:55:32+00:00
1062319036,2026-10-05,18410.0,6164,4.0,5,leaderboard,2026-10-05T15:55:32+00:00
106746059,2026-10-05,8040.0,4617,103.0,3,leaderboard,2026-10-05T15:55:32+00:00
109475426,2026-10-05,61800.0,21900,951.0,9,leaderboard,2026-10-05T15:55:32+00:00
110613308,2026-10-05,94040.0,47014,80.0,15,leaderboard,2026-10-05T15:55:32+00:00
110727058,2026-10-05,201660.0,88599,1944.0,25,leaderboard,2026-10-05T15:55:32+00:00
113362000,2026-10-05,29000.0,7920,384.0,4,leaderboard,2026-10-05T15:55:32+00:00
115074455,2026-10-05,13390.0,8954,4.0,8,profile,2026-10-05T15:55:32+00:00
116168250,2026-10-05,21560.0,16129,85.0,9,leaderboard,2026-10-05T15:55:32+00:00
116527976,2026-10-05,9420.0,3492,98.0,3,leaderboard,2026-10-05T15:55:32+00:00
11879248,2026-10-05,25000.0,8940,181.0,5,leaderboard,2026-10-05T15:55:32+00:00
119088115,2026-10-05,6800.0,2460,23.0,2,leaderboard,2026-10-05T15:55:32+00:00
1202632109,2026-10-05,26080.0,11669,479.0,9,leaderboard,2026-10-05T15:55:32+00:00
120401037,2026-10-05,40670.0,16724,524.0,12,leaderboard,2026-10-05T15:55:32+00:00
120662764,2026-10-05,41400.0,25555,459.0,6,leaderboard,2026-10-05T15:55:32+00:00
1214400201,2026-10-05,21410.0,17941,344.0,7,leaderboard,2026-10-05T15:55:32+00:00
1223997665,2026-10-05,28880.0,11501,580.0,17,leaderboard,2026-10-05T15:55:32+00:00
122661059,2026-10-05,24600.0,10080,140.0,4,leaderboard,2026-10-05T15:55:32+00:00
123426273,2026-10-05,29950.0,19524,504.0,11,leaderboard,2026-10-05T15:55:32+00:00
124703756,2026-10-05,19350.0,8049,0.0,5,profile,2026-10-05T15:55:32+00:00
127011335,2026-10-05,10190.0,4691,91.0,4,leaderboard,2026-10-05T15:55:32+00:00
127220889,2026-10-05,6200.0,2880,26.0,1,leaderboard,2026-10-05T15:55:32+00:00
127939240,2026-10-05,134730.0,94584,1941.0,74,leaderboard,2026-10-05T15:55:32+00:00
130876232,2026-10-05,4400.0,1980,79.0,2,leaderboard,2026-10-05T15:55:32+00:00
132102005,2026-10-05,5310.0,2056,0.0,2,profile,2026-10-05T15:55:32+00:00
132124444,2026-10-05,27430.0,11911,30.0,8,leaderboard,2026-10-05T15:55:32+00:00
133768869,2026-10-05,51200.0,25200,168.0,9,leaderboard,2026-10-05T15:55:32+00:00
136696478,2026-10-05,48120.0,25426,886.0,22,leaderboard,2026-10-05T15:55:32+00:00
139521986,2026-10-05,29230.0,14197,492.0,11,leaderboard,2026-10-05T15:55:32+00:00
141358214,2026-10-05,38270.0,14015,90.0,9,leaderboard,2026-10-05T15:55:32+00:00
1433924818,2026-10-05,68960.0,32130,0.0,10,leaderboard,2026-10-05T15:55:32+00:00
145639218,2026-10-05,72320.0,35794,659.0,13,leaderboard,2026-10-05T15:55:32+00:00
146002130,2026-10-05,27850.0,6101,0.0,3,profile,2026-10-05T15:55:32+00:00
146502370,2026-10-05,69610.0,21545,757.0,8,leaderboard,2026-10-05T15:55:32+00:00
1467341794,2026-10-05,24050.0,16117,255.0,20,profile,2026-10-05T15:55:32+00:00
146966975,2026-10-05,3000.0,840,66.0,1,leaderboard,2026-10-05T15:55:32+00:00
147744698,2026-10-05,3000.0,1140,64.0,1,leaderboard,2026-10-05T15:55:32+00:00
150452047,2026-10-05,28700.0,10800,396.0,8,leaderboard,2026-10-05T15:55:32+00:00
150662631,2026-10-05,31100.0,10692,0.0,7,leaderboard,2026-10-05T15:55:32+00:00
150739400,2026-10-05,25920.0,12190,55.0,12,leaderboard,2026-10-05T15:55:32+00:00
151110773,2026-10-05,4400.0,1851,52.0,2,leaderboard,2026-10-05T15:55:32+00:00
151549210,2026-10-05,8890.0,3570,132.0,3,leaderboard,2026-10-05T15:55:32+00:00
1526822034,2026-10-05,178020.0,164042,1614.0,94,leaderboard,2026-10-05T15:55:32+00:00
157934075,2026-10-05,26670.0,13011,88.0,7,leaderboard,2026-10-05T15:55:32+00:00
159220662,2026-10-05,21880.0,9160,437.0,7,profile,2026-10-05T15:55:32+00:00
159549407,2026-10-05,34800.0,14760,697.0,13,leaderboard,2026-10-05T15:55:32+00:00
1598227059,2026-10-05,22800.0,9070,398.0,6,leaderboard,2026-10-05T15:55:32+00:00
160085499,2026-10-05,22380.0,7332,9.0,6,leaderboard,2026-10-05T15:55:32+00:00
160778013,2026-10-05,14100.0,8100,275.0,4,leaderboard,2026-10-05T15:55:32+00:00
161831314,2026-10-05,27520.0,12590,488.0,9,leaderboard,2026-10-05T15:55:32+00:00
170365151,2026-10-05,31670.0,14650,86.0,8,leaderboard,2026-10-05T15:55:32+00:00
171954993,2026-10-05,33440.0,18796,465.0,14,leaderboard,2026-10-05T15:55:32+00:00
173263106,2026-10-05,14200.0,5293,247.0,3,leaderboard,2026-10-05T15:55:32+00:00
174628006,2026-10-05,25330.0,9763,443.0,7,leaderboard,2026-10-05T15:55:32+00:00
1746450647,2026-10-05,46680.0,23365,593.0,15,leaderboard,2026-10-05T15:55:32+00:00
174687887,2026-10-05,29880.0,16591,516.0,11,leaderboard,2026-10-05T15:55:32+00:00
176241056,2026-10-05,4200.0,1920,89.0,1,leaderboard,2026-10-05T15:55:32+00:00
177789904,2026-10-05,3500.0,1200,80.0,1,leaderboard,2026-10-05T15:55:32+00:00
18447136,2026-10-05,56600.0,45164,733.0,15,profile,2026-10-05T15:55:32+00:00
184714218,2026-10-05,39200.0,15120,799.0,16,leaderboard,2026-10-05T15:55:32+00:00
1847934457,2026-10-05,38700.0,17664,423.0,16,profile,2026-10-05T15:55:32+00:00
187312771,2026-10-05,16070.0,5306,19.0,3,leaderboard,2026-10-05T15:55:32+00:00
187894549,2026-10-05,39500.0,22920,688.0,13,leaderboard,2026-10-05T15:55:32+00:00
189047270,2026-10-05,5650.0,2141,0.0,2,profile,2026-10-05T15:55:32+00:00
191939928,2026-10-05,21430.0,9422,301.0,7,profile,2026-10-05T15:55:32+00:00
192170719,2026-10-05,251320.0,122524,1583.0,19,leaderboard,2026-10-05T15:55:32+00:00
192667624,2026-10-05,28540.0,13593,415.0,8,leaderboard,2026-10-05T15:55:32+00:00
193386119,2026-10-05,29670.0,8365,0.0,4,profile,2026-10-05T15:55:32+00:00
195223287,2026-10-05,4300.0,2220,88.0,2,leaderboard,2026-10-05T15:55:32+00:00
195412199,2026-10-05,32900.0,14495,494.0,14,leaderboard,2026-10-05T15:55:32+00:00
197511646,2026-10-05,66380.0,40849,622.0,16,profile,2026-10-05T15:55:32+00:00
198245997,2026-10-05,14100.0,6945,102.0,3,leaderboard,2026-10-05T15:55:32+00:00
198739620,2026-10-05,9430.0,5119,6.0,3,leaderboard,2026-10-05T15:55:32+00:00
1990613575,2026-10-05,40100.0,17725,350.0,12,leaderboard,2026-10-05T15:55:32+00:00
201644445,2026-10-05,31270.0,15646,627.0,11,leaderboard,2026-10-05T15:55:32+00:00
203802378,2026-10-05,35890.0,13333,17.0,8,leaderboard,2026-10-05T15:55:32+00:00
2045659159,2026-10-05,23900.0,12607,391.0,7,leaderboard,2026-10-05T15:55:32+00:00
205841765,2026-10-05,8530.0,3459,0.0,3,profile,2026-10-05T15:55:32+00:00
20866687,2026-10-05,7140.0,2413,20.0,2,leaderboard,2026-10-05T15:55:32+00:00
22031923,2026-10-05,10100.0,7680,100.0,2,leaderboard,2026-10-05T15:55:32+00:00
22032371,2026-10-05,4400.0,1560,60.0,1,leaderboard,2026-10-05T15:55:32+00:00
23119791,2026-10-05,94180.0,42157,1150.0,9,leaderboard,2026-10-05T15:55:32+00:00
27521574,2026-10-05,62610.0,31296,160.0,13,profile,2026-10-05T15:55:32+00:00
27799486,2026-10-05,309460.0,100375,533.0,35,leaderboard,2026-10-05T15:55:32+00:00
321618515,2026-10-05,31020.0,34298,192.0,11,profile,2026-10-05T15:55:32+00:00
36352316,2026-10-05,4200.0,2760,69.0,1,leaderboard,2026-10-05T15:55:32+00:00
40109055,2026-10-05,56260.0,20494,11.0,10,leaderboard,2026-10-05T15:55:32+00:00
44986384,2026-10-05,19400.0,10920,298.0,11,leaderboard,2026-10-05T15:55:32+00:00
457061847,2026-10-05,58620.0,24432,939.0,15,leaderboard,2026-10-05T15:55:32+00:00
46309973,2026-10-05,23330.0,10217,465.0,6,leaderboard,2026-10-05T15:55:32+00:00
52120469,2026-10-05,27840.0,11388,292.0,6,profile,2026-10-05T15:55:32+00:00
553225496,2026-10-05,14680.0,7742,103.0,4,profile,2026-10-05T15:55:32+00:00
568671250,2026-10-05,5390.0,1098,0.0,1,profile,2026-10-05T15:55:32+00:00
636557046,2026-10-05,12640.0,4719,165.0,4,leaderboard,2026-10-05T15:55:32+00:00
666291145,2026-10-05,19610.0,8983,275.0,7,profile,2026-10-05T15:55:32+00:00
66797450,2026-10-05,50840.0,21999,876.0,15,profile,2026-10-05T15:55:32+00:00
70370600,2026-10-05,66320.0,25538,271.0,14,leaderboard,2026-10-05T15:55:32+00:00
7099765,2026-10-05,52670.0,24815,263.0,11,profile,2026-10-05T15:55:32+00:00
71248863,2026-10-05,143900.0,76200,1091.0,41,leaderboard,2026-10-05T15:55:32+00:00
71248874,2026-10-05,3800.0,1860,8.0,1,leaderboard,2026-10-05T15:55:32+00:00
72368028,2026-10-05,30300.0,14220,215.0,6,leaderboard,2026-10-05T15:55:32+00:00
75965267,2026-10-05,153790.0,51792,252.0,18,leaderboard,2026-10-05T15:55:32+00:00
79214730,2026-10-05,21160.0,9273,286.0,7,profile,2026-10-05T15:55:32+00:00
79730738,2026-10-05,15160.0,5834,0.0,4,profile,2026-10-05T15:55:32+00:00
82197781,2026-10-05,38470.0,17099,31.0,7,leaderboard,2026-10-05T15:55:32+00:00
822671723,2026-10-05,14230.0,6783,63.0,6,profile,2026-10-05T15:55:32+00:00
83776009,2026-10-05,25270.0,12859,459.0,12,leaderboard,2026-10-05T15:55:32+00:00
83920919,2026-10-05,49240.0,35957,474.0,14,profile,2026-10-05T15:55:32+00:00
84097989,2026-10-05,89940.0,67304,890.0,37,leaderboard,2026-10-05T15:55:32+00:00
84131505,2026-10-05,8440.0,2953,92.0,2,leaderboard,2026-10-05T15:55:32+00:00
842201467,2026-10-05,7390.0,2717,22.0,3,leaderboard,2026-10-05T15:55:32+00:00
84341125,2026-10-05,94420.0,43111,378.0,13,leaderboard,2026-10-05T15:55:32+00:00
85932943,2026-10-05,148180.0,55020,97.0,14,leaderboard,2026-10-05T15:55:32+00:00
88039032,2026-10-05,22650.0,12190,461.0,7,leaderboard,2026-10-05T15:55:32+00:00
91766687,2026-10-05,33300.0,12900,491.0,4,leaderboard,2026-10-05T15:55:32+00:00
91772478,2026-10-05,14200.0,7980,242.0,5,leaderboard,2026-10-05T15:55:32+00:00
92466443,2026-10-05,8860.0,4102,2.0,3,leaderboard,2026-10-05T15:55:32+00:00
92960264,2026-10-05,269860.0,228255,1559.0,46,leaderboard,2026-10-05T15:55:32+00:00
94862141,2026-10-05,3000.0,1140,4.0,1,leaderboard,2026-10-05T15:55:32+00:00
976304399,2026-10-05,45390.0,29805,658.0,32,leaderboard,2026-10-05T15:55:32+00:00
994887031,2026-10-05,9240.0,4356,152.0,3,profile,2026-10-05T15:55:32+00:00
99914785,2026-10-05,9040.0,6292,95.0,3,leaderboard,2026-10-05T15:55:32+00:00
100017228,2026-10-06,15400.0,7380,314.0,6,leaderboard,2026-10-06T15:56:00+00:00
100035100,2026-10-06,241860.0,83686,386.0,19,leaderboard,2026-10-06T15:56:00+00:00
100260722,2026-10-06,12790.0,4139,169.0,3,leaderboard,2026-10-06T15:56:00+00:00
100332682,2026-10-06,29790.0,10844,8.0,5,leaderboard,2026-10-06T15:56:00+00:00
100477885,2026-10-06,31310.0,14345,534.0,9,profile,2026-10-06T15:56:00+00:00
100754249,2026-10-06,14640.0,11580,184.0,6,profile,2026-10-06T15:56:00+00:00
100952176,2026-10-06,7200.0,6480,75.0,6,leaderboard,2026-10-06T15:56:00+00:00
10265375,2026-10-06,91860.0,72638,4205.0,11,leaderboard,2026-10-06T15:56:00+00:00
1032853960,2026-10-06,44770.0,28554,811.0,18,profile,2026-10-06T15:56:00+00:00
104017126,2026-10-06,21850.0,9648,0.0,4,profile,2026-10-06T15:56:00+00:00
104519856,2026-10-06,22010.0,7981,265.0,7,profile,2026-10-06T15:56:00+00:00
104692169,2026-10-06,1790.0,859,38.0,1,profile,2026-10-06T15:56:00+00:00
10480079,2026-10-06,19380.0,9554,257.0,4,leaderboard,2026-10-06T15:56:00+00:00
1062319036,2026-10-06,23210.0,7664,4.0,6,leaderboard,2026-10-06T15:56:00+00:00
106746059,2026-10-06,8040.0,4673,103.0,3,profile,2026-10-06T15:56:00+00:00
108546052,2026-10-06,46170.0,13485,664.0,9,leaderboard,2026-10-06T15:56:00+00:00
110036040,2026-10-06,5000.0,1980,8.0,1,leaderboard,2026-10-06T15:56:00+00:00
110613308,2026-10-06,98040.0,49054,87.0,16,leaderboard,2026-10-06T15:56:00+00:00
110727058,2026-10-06,209760.0,91359,1991.0,26,leaderboard,2026-10-06T15:56:00+00:00
110858656,2026-10-06,34240.0,13725,296.0,8,leaderboard,2026-10-06T15:56:00+00:00
111239944,2026-10-06,43600.0,15420,93.0,8,leaderboard,2026-10-06T15:56:00+00:00
1127237605,2026-10-06,2620.0,1318,53.0,1,profile,2026-10-06T15:56:00+00:00
113362000,2026-10-06,29000.0,7920,384.0,4,leaderboard,2026-10-06T15:56:00+00:00
1136190508,2026-10-06,6800.0,3107,37.0,3,profile,2026-10-06T15:56:00+00:00
114308377,2026-10-06,55460.0,41720,533.0,16,profile,2026-10-06T15:56:00+00:00
115074455,2026-10-06,14450.0,10367,19.0,9,profile,2026-10-06T15:56:00+00:00
115077579,2026-10-06,14500.0,7320,349.0,6,leaderboard,2026-10-06T15:56:00+00:00
116168250,2026-10-06,24460.0,17509,146.0,10,leaderboard,2026-10-06T15:56:00+00:00
116527976,2026-10-06,14620.0,6072,149.0,4,leaderboard,2026-10-06T15:56:00+00:00
118683730,2026-10-06,25800.0,16620,12.0,4,leaderboard,2026-10-06T15:56:00+00:00
118781050,2026-10-06,30130.0,12763,35.0,10,profile,2026-10-06T15:56:00+00:00
11879248,2026-10-06,28000.0,10020,202.0,6,leaderboard,2026-10-06T15:56:00+00:00
119088115,2026-10-06,6800.0,2460,23.0,2,leaderboard,2026-10-06T15:56:00+00:00
1202632109,2026-10-06,26150.0,11681,418.0,9,profile,2026-10-06T15:56:00+00:00
120401037,2026-10-06,40670.0,16724,524.0,12,leaderboard,2026-10-06T15:56:00+00:00
120477487,2026-10-06,49350.0,23116,916.0,8,profile,2026-10-06T15:56:00+00:00
120662764,2026-10-06,41400.0,25555,459.0,6,leaderboard,2026-10-06T15:56:00+00:00
1214400201,2026-10-06,21410.0,17941,344.0,7,leaderboard,2026-10-06T15:56:00+00:00
122172917,2026-10-06,22800.0,11155,64.0,5,profile,2026-10-06T15:56:00+00:00
1223997665,2026-10-06,28880.0,11501,580.0,17,leaderboard,2026-10-06T15:56:00+00:00
122661059,2026-10-06,24600.0,10080,140.0,4,leaderboard,2026-10-06T15:56:00+00:00
122674914,2026-10-06,36070.0,13949,538.0,11,profile,2026-10-06T15:56:00+00:00
123426273,2026-10-06,29950.0,19531,449.0,11,profile,2026-10-06T15:56:00+00:00
123739150,2026-10-06,33760.0,12793,294.0,10,leaderboard,2026-10-06T15:56:00+00:00
124703756,2026-10-06,19350.0,8049,0.0,5,profile,2026-10-06T15:56:00+00:00
124842679,2026-10-06,6760.0,4049,0.0,4,profile,2026-10-06T15:56:00+00:00
1266885889,2026-10-06,5710.0,4961,0.0,3,profile,2026-10-06T15:56:00+00:00
127011335,2026-10-06,10190.0,4691,91.0,4,leaderboard,2026-10-06T15:56:00+00:00
127199963,2026-10-06,19300.0,7320,207.0,6,leaderboard,2026-10-06T15:56:00+00:00
127220889,2026-10-06,6200.0,2880,26.0,1,leaderboard,2026-10-06T15:56:00+00:00
127939240,2026-10-06,135230.0,95124,1955.0,75,leaderboard,2026-10-06T15:56:00+00:00
130876232,2026-10-06,4400.0,1980,79.0,2,leaderboard,2026-10-06T15:56:00+00:00
132102005,2026-10-06,5310.0,2056,0.0,2,profile,2026-10-06T15:56:00+00:00
132124444,2026-10-06,27430.0,11911,30.0,8,leaderboard,2026-10-06T15:56:00+00:00
132173149,2026-10-06,20700.0,8340,225.0,5,leaderboard,2026-10-06T15:56:00+00:00
1331939347,2026-10-06,18060.0,8045,151.0,6,profile,2026-10-06T15:56:00+00:00
133768869,2026-10-06,54000.0,26460,168.0,10,leaderboard,2026-10-06T15:56:00+00:00
1341225104,2026-10-06,2950.0,1425,61.0,3,profile,2026-10-06T15:56:00+00:00
135809326,2026-10-06,16940.0,6678,186.0,4,profile,2026-10-06T15:56:00+00:00
136696478,2026-10-06,48210.0,25432,842.0,22,profile,2026-10-06T15:56:00+00:00
138151922,2026-10-06,25660.0,10563,327.0,8,profile,2026-10-06T15:56:00+00:00
139521986,2026-10-06,29250.0,14218,441.0,11,profile,2026-10-06T15:56:00+00:00
141358214,2026-10-06,41970.0,15335,90.0,10,leaderboard,2026-10-06T15:56:00+00:00
143147118,2026-10-06,16900.0,12177,329.0,10,profile,2026-10-06T15:56:00+00:00
143369719,2026-10-06,8350.0,6682,116.0,3,profile,2026-10-06T15:56:00+00:00
1433924818,2026-10-06,68960.0,32130,0.0,10,leaderboard,2026-10-06T15:56:00+00:00
145639218,2026-10-06,77320.0,38374,659.0,14,leaderboard,2026-10-06T15:56:00+00:00
146002130,2026-10-06,27850.0,6101,0.0,3,profile,2026-10-06T15:56:00+00:00
146502370,2026-10-06,81910.0,25025,1022.0,10,leaderboard,2026-10-06T15:56:00+00:00
1467341794,2026-10-06,24640.0,16583,255.0,21,profile,2026-10-06T15:56:00+00:00
150452047,2026-10-06,28700.0,10800,396.0,8,leaderboard,2026-10-06T15:56:00+00:00
150662631,2026-10-06,31100.0,10692,0.0,7,leaderboard,2026-10-06T15:56:00+00:00
150739400,2026-10-06,26000.0,12223,38.0,12,profile,2026-10-06T15:56:00+00:00
15091569,2026-10-06,98870.0,37876,230.0,15,leaderboard,2026-10-06T15:56:00+00:00
151110773,2026-10-06,4420.0,1867,38.0,2,profile,2026-10-06T15:56:00+00:00
151549210,2026-10-06,8920.0,3605,81.0,3,profile,2026-10-06T15:56:00+00:00
151865501,2026-10-06,42840.0,27132,178.0,12,profile,2026-10-06T15:56:00+00:00
1526822034,2026-10-06,181020.0,166802,1625.0,98,leaderboard,2026-10-06T15:56:00+00:00
152788103,2026-10-06,14500.0,5363,0.0,8,profile,2026-10-06T15:56:00+00:00
155939935,2026-10-06,26550.0,12042,0.0,9,profile,2026-10-06T15:56:00+00:00
157502017,2026-10-06,119450.0,46580,0.0,10,profile,2026-10-06T15:56:00+00:00
157900821,2026-10-06,38240.0,18002,149.0,11,profile,2026-10-06T15:56:00+00:00
157934075,2026-10-06,34370.0,17331,110.0,8,leaderboard,2026-10-06T15:56:00+00:00
159220662,2026-10-06,21880.0,9160,437.0,7,profile,2026-10-06T15:56:00+00:00
159549407,2026-10-06,34860.0,14790,636.0,13,profile,2026-10-06T15:56:00+00:00
1598227059,2026-10-06,22830.0,9125,398.0,6,profile,2026-10-06T15:56:00+00:00
160085499,2026-10-06,22380.0,7332,9.0,6,leaderboard,2026-10-06T15:56:00+00:00
160917445,2026-10-06,17900.0,9240,136.0,3,leaderboard,2026-10-06T15:56:00+00:00
161247740,2026-10-06,4870.0,1471,0.0,2,profile,2026-10-06T15:56:00+00:00
161831314,2026-10-06,27570.0,12665,442.0,9,profile,2026-10-06T15:56:00+00:00
162779719,2026-10-06,44070.0,17701,703.0,12,leaderboard,2026-10-06T15:56:00+00:00
166160642,2026-10-06,2040.0,921,39.0,1,profile,2026-10-06T15:56:00+00:00
167876473,2026-10-06,5260.0,2973,46.0,2,profile,2026-10-06T15:56:00+00:00
170365151,2026-10-06,36770.0,17050,96.0,9,leaderboard,2026-10-06T15:56:00+00:00
171942690,2026-10-06,40200.0,16927,15.0,9,profile,2026-10-06T15:56:00+00:00
171954993,2026-10-06,33440.0,18796,465.0,14,leaderboard,2026-10-06T15:56:00+00:00
172677290,2026-10-06,10110.0,3270,79.0,3,profile,2026-10-06T15:56:00+00:00
173103307,2026-10-06,18330.0,5534,0.0,6,profile,2026-10-06T15:56:00+00:00
173263106,2026-10-06,18400.0,6853,283.0,4,leaderboard,2026-10-06T15:56:00+00:00
174628006,2026-10-06,25380.0,9812,390.0,7,profile,2026-10-06T15:56:00+00:00
1746450647,2026-10-06,46770.0,23376,593.0,15,profile,2026-10-06T15:56:00+00:00
174687887,2026-10-06,29940.0,16604,475.0,11,profile,2026-10-06T15:56:00+00:00
176110027,2026-10-06,17970.0,6695,250.0,7,profile,2026-10-06T15:56:00+00:00
177200721,2026-10-06,26700.0,9983,449.0,9,profile,2026-10-06T15:56:00+00:00
177326285,2026-10-06,41000.0,34080,479.0,11,leaderboard,2026-10-06T15:56:00+00:00
1774908317,2026-10-06,19980.0,13487,68.0,7,profile,2026-10-06T15:56:00+00:00
18447136,2026-10-06,60090.0,46235,756.0,16,leaderboard,2026-10-06T15:56:00+00:00
184714218,2026-10-06,39200.0,15120,799.0,16,leaderboard,2026-10-06T15:56:00+00:00
1847934457,2026-10-06,43490.0,19699,509.0,18,leaderboard,2026-10-06T15:56:00+00:00
1856298974,2026-10-06,17970.0,6618,146.0,4,leaderboard,2026-10-06T15:56:00+00:00
1871438393,2026-10-06,5500.0,2640,119.0,1,leaderboard,2026-10-06T15:56:00+00:00
187312771,2026-10-06,16070.0,5306,19.0,3,leaderboard,2026-10-06T15:56:00+00:00
187787818,2026-10-06,8980.0,3324,197.0,2,profile,2026-10-06T15:56:00+00:00
187894549,2026-10-06,39500.0,22920,688.0,13,leaderboard,2026-10-06T15:56:00+00:00
189047270,2026-10-06,5650.0,2141,0.0,2,profile,2026-10-06T15:56:00+00:00
189069646,2026-10-06,28780.0,11943,513.0,10,profile,2026-10-06T15:56:00+00:00
191939928,2026-10-06,21430.0,9422,301.0,7,profile,2026-10-06T15:56:00+00:00
192114981,2026-10-06,11400.0,4084,55.0,2,leaderboard,2026-10-06T15:56:00+00:00
192170719,2026-10-06,254720.0,123964,1648.0,20,leaderboard,2026-10-06T15:56:00+00:00
192667624,2026-10-06,28570.0,13633,363.0,8,profile,2026-10-06T15:56:00+00:00
193386119,2026-10-06,29670.0,8365,0.0,4,profile,2026-10-06T15:56:00+00:00
195412199,2026-10-06,32900.0,14510,433.0,14,profile,2026-10-06T15:56:00+00:00
195798436,2026-10-06,11390.0,6152,154.0,6,profile,2026-10-06T15:56:00+00:00
19669900,2026-10-06,8150.0,3316,0.0,3,profile,2026-10-06T15:56:00+00:00
1975053728,2026-10-06,46090.0,15156,27.0,11,profile,2026-10-06T15:56:00+00:00
197511646,2026-10-06,69470.0,42292,690.0,17,profile,2026-10-06T15:56:00+00:00
197963991,2026-10-06,16480.0,9028,111.0,4,profile,2026-10-06T15:56:00+00:00
198245997,2026-10-06,14100.0,6945,102.0,3,leaderboard,2026-10-06T15:56:00+00:00
198739620,2026-10-06,15260.0,7485,6.0,6,leaderboard,2026-10-06T15:56:00+00:00
1990613575,2026-10-06,40100.0,17725,350.0,12,leaderboard,2026-10-06T15:56:00+00:00
201644445,2026-10-06,31270.0,15646,627.0,11,leaderboard,2026-10-06T15:56:00+00:00
203782547,2026-10-06,23920.0,9314,0.0,4,profile,2026-10-06T15:56:00+00:00
203802378,2026-10-06,40890.0,15013,17.0,9,leaderboard,2026-10-06T15:56:00+00:00
204262058,2026-10-06,24280.0,8676,166.0,4,profile,2026-10-06T15:56:00+00:00
2045659159,2026-10-06,23980.0,12659,334.0,7,profile,2026-10-06T15:56:00+00:00
205841765,2026-10-06,8530.0,3459,0.0,3,profile,2026-10-06T15:56:00+00:00
20866687,2026-10-06,7190.0,2443,0.0,2,profile,2026-10-06T15:56:00+00:00
21881038,2026-10-06,56300.0,20220,77.0,9,leaderboard,2026-10-06T15:56:00+00:00
22031923,2026-10-06,10100.0,7680,100.0,2,leaderboard,2026-10-06T15:56:00+00:00
22032371,2026-10-06,4400.0,1560,60.0,1,leaderboard,2026-10-06T15:56:00+00:00
23119791,2026-10-06,94180.0,42157,1150.0,9,leaderboard,2026-10-06T15:56:00+00:00
27521574,2026-10-06,71860.0,35246,182.0,15,leaderboard,2026-10-06T15:56:00+00:00
27799486,2026-10-06,325060.0,105535,600.0,37,leaderboard,2026-10-06T15:56:00+00:00
32097458,2026-10-06,42680.0,14588,15.0,9,leaderboard,2026-10-06T15:56:00+00:00
321618515,2026-10-06,35040.0,36221,275.0,12,profile,2026-10-06T15:56:00+00:00
40109055,2026-10-06,60960.0,22234,33.0,11,leaderboard,2026-10-06T15:56:00+00:00
44986384,2026-10-06,19400.0,10920,298.0,11,leaderboard,2026-10-06T15:56:00+00:00
457061847,2026-10-06,62340.0,25726,1014.0,16,profile,2026-10-06T15:56:00+00:00
46309973,2026-10-06,23400.0,10272,399.0,6,profile,2026-10-06T15:56:00+00:00
493938779,2026-10-06,16000.0,14400,0.0,4,profile,2026-10-06T15:56:00+00:00
52120469,2026-10-06,31850.0,12918,322.0,7,leaderboard,2026-10-06T15:56:00+00:00
553225496,2026-10-06,16320.0,8339,149.0,5,leaderboard,2026-10-06T15:56:00+00:00
56226781,2026-10-06,2370.0,900,54.0,1,profile,2026-10-06T15:56:00+00:00
564463530,2026-10-06,63680.0,27407,465.0,16,leaderboard,2026-10-06T15:56:00+00:00
568671250,2026-10-06,4030.0,706,0.0,1,profile,2026-10-06T15:56:00+00:00
5696448,2026-10-06,10000.0,6060,85.0,3,leaderboard,2026-10-06T15:56:00+00:00
636557046,2026-10-06,12680.0,4727,165.0,4,profile,2026-10-06T15:56:00+00:00
64519239,2026-10-06,30930.0,12553,458.0,9,profile,2026-10-06T15:56:00+00:00
666291145,2026-10-06,19610.0,8983,275.0,7,profile,2026-10-06T15:56:00+00:00
66797450,2026-10-06,50840.0,21999,876.0,15,profile,2026-10-06T15:56:00+00:00
70370600,2026-10-06,66320.0,25538,271.0,14,leaderboard,2026-10-06T15:56:00+00:00
7099765,2026-10-06,52670.0,24815,263.0,11,profile,2026-10-06T15:56:00+00:00
71248863,2026-10-06,152700.0,84540,1173.0,46,leaderboard,2026-10-06T15:56:00+00:00
72368028,2026-10-06,30350.0,14288,123.0,6,profile,2026-10-06T15:56:00+00:00
728364162,2026-10-06,31890.0,11837,0.0,11,profile,2026-10-06T15:56:00+00:00
73152201,2026-10-06,49400.0,50880,1788.0,7,leaderboard,2026-10-06T15:56:00+00:00
75965267,2026-10-06,161890.0,54792,278.0,19,leaderboard,2026-10-06T15:56:00+00:00
772349693,2026-10-06,17370.0,6080,195.0,7,profile,2026-10-06T15:56:00+00:00
77749742,2026-10-06,74140.0,33967,441.0,18,leaderboard,2026-10-06T15:56:00+00:00
79214730,2026-10-06,21160.0,9273,286.0,7,profile,2026-10-06T15:56:00+00:00
79725515,2026-10-06,40380.0,26868,240.0,13,profile,2026-10-06T15:56:00+00:00
79730738,2026-10-06,15160.0,5834,0.0,4,profile,2026-10-06T15:56:00+00:00
80611068,2026-10-06,5000.0,1800,0.0,1,leaderboard,2026-10-06T15:56:00+00:00
82197781,2026-10-06,38560.0,17148,20.0,7,profile,2026-10-06T15:56:00+00:00
822671723,2026-10-06,14230.0,6783,63.0,6,profile,2026-10-06T15:56:00+00:00
82957334,2026-10-06,11300.0,6300,38.0,2,leaderboard,2026-10-06T15:56:00+00:00
83776009,2026-10-06,25270.0,12859,459.0,12,leaderboard,2026-10-06T15:56:00+00:00
83920919,2026-10-06,49240.0,35957,474.0,14,profile,2026-10-06T15:56:00+00:00
84097989,2026-10-06,92140.0,68804,969.0,38,leaderboard,2026-10-06T15:56:00+00:00
84131505,2026-10-06,8440.0,2975,92.0,2,profile,2026-10-06T15:56:00+00:00
842201467,2026-10-06,7460.0,2739,0.0,3,profile,2026-10-06T15:56:00+00:00
84341125,2026-10-06,94510.0,43142,318.0,13,profile,2026-10-06T15:56:00+00:00
848542700,2026-10-06,13000.0,5460,0.0,3,leaderboard,2026-10-06T15:56:00+00:00
85400772,2026-10-06,37120.0,13112,666.0,5,profile,2026-10-06T15:56:00+00:00
85695683,2026-10-06,12550.0,7150,11.0,3,leaderboard,2026-10-06T15:56:00+00:00
85736624,2026-10-06,57370.0,39117,696.0,19,profile,2026-10-06T15:56:00+00:00
85932943,2026-10-06,148180.0,55020,97.0,14,leaderboard,2026-10-06T15:56:00+00:00
86838614,2026-10-06,18170.0,8222,194.0,10,profile,2026-10-06T15:56:00+00:00
87276442,2026-10-06,34230.0,14019,11.0,8,profile,2026-10-06T15:56:00+00:00
878275442,2026-10-06,20460.0,13118,189.0,11,profile,2026-10-06T15:56:00+00:00
88039032,2026-10-06,22650.0,12190,461.0,7,leaderboard,2026-10-06T15:56:00+00:00
88141864,2026-10-06,32950.0,12681,35.0,10,leaderboard,2026-10-06T15:56:00+00:00
88558404,2026-10-06,9230.0,4785,184.0,3,profile,2026-10-06T15:56:00+00:00
89433618,2026-10-06,25400.0,9120,232.0,4,leaderboard,2026-10-06T15:56:00+00:00
90542247,2026-10-06,11020.0,5233,151.0,5,profile,2026-10-06T15:56:00+00:00
91766687,2026-10-06,33300.0,12900,491.0,4,leaderboard,2026-10-06T15:56:00+00:00
91973877,2026-10-06,19700.0,9120,234.0,5,leaderboard,2026-10-06T15:56:00+00:00
92466443,2026-10-06,8920.0,4115,0.0,3,profile,2026-10-06T15:56:00+00:00
92960264,2026-10-06,281060.0,241935,1594.0,48,leaderboard,2026-10-06T15:56:00+00:00
94663490,2026-10-06,5000.0,2580,58.0,1,leaderboard,2026-10-06T15:56:00+00:00
95658913,2026-10-06,14600.0,6448,83.0,2,profile,2026-10-06T15:56:00+00:00
976304399,2026-10-06,45390.0,29805,658.0,32,leaderboard,2026-10-06T15:56:00+00:00
99068373,2026-10-06,18000.0,10800,0.0,4,leaderboard,2026-10-06T15:56:00+00:00
994887031,2026-10-06,9240.0,4356,152.0,3,profile,2026-10-06T15:56:00+00:00
99914785,2026-10-06,13540.0,10432,194.0,4,leaderboard,2026-10-06T15:56:00+00:00
100017228,2026-10-07,18500.0,9120,383.0,8,leaderboard,2026-10-07T11:49:08+00:00
100035100,2026-10-07,256860.0,88666,386.0,20,leaderboard,2026-10-07T11:49:08+00:00
100084812,2026-10-07,36220.0,19671,718.0,10,feed,2026-10-07T05:51:15+00:00
100260722,2026-10-07,12790.0,4139,169.0,3,leaderboard,2026-10-07T11:49:08+00:00
100754249,2026-10-07,19360.0,14623,240.0,7,leaderboard,2026-10-07T11:49:08+00:00
100952176,2026-10-07,10700.0,8880,117.0,10,leaderboard,2026-10-07T11:49:08+00:00
10265375,2026-10-07,91860.0,72638,4205.0,11,leaderboard,2026-10-07T11:49:08+00:00
104439807,2026-10-07,23500.0,10500,187.0,5,leaderboard,2026-10-07T11:49:08+00:00
1045810176,2026-10-07,38450.0,17711,518.0,13,feed,2026-10-07T05:51:15+00:00
10480079,2026-10-07,19380.0,9554,257.0,4,leaderboard,2026-10-07T09:49:38+00:00
1062319036,2026-10-07,23210.0,7664,4.0,6,leaderboard,2026-10-07T11:49:08+00:00
107808846,2026-10-07,17000.0,10680,280.0,5,leaderboard,2026-10-07T11:49:08+00:00
110613308,2026-10-07,98040.0,49054,87.0,16,leaderboard,2026-10-07T11:49:08+00:00
110727058,2026-10-07,219760.0,94599,2021.0,27,leaderboard,2026-10-07T11:49:08+00:00
110858656,2026-10-07,34240.0,13725,296.0,8,leaderboard,2026-10-07T11:49:08+00:00
1112085991,2026-10-07,18580.0,7826,303.0,5,feed,2026-10-07T05:59:57+00:00
112728077,2026-10-07,29310.0,11152,4.0,7,feed,2026-10-07T05:51:15+00:00
115077579,2026-10-07,14500.0,7320,349.0,6,leaderboard,2026-10-07T09:49:38+00:00
116168250,2026-10-07,24460.0,17509,146.0,10,leaderboard,2026-10-07T11:49:08+00:00
116527976,2026-10-07,14620.0,6072,149.0,4,leaderboard,2026-10-07T11:49:08+00:00
118683730,2026-10-07,25800.0,16620,12.0,4,leaderboard,2026-10-07T11:49:08+00:00
11879248,2026-10-07,31000.0,11040,221.0,7,leaderboard,2026-10-07T11:49:08+00:00
119088115,2026-10-07,6800.0,2460,23.0,2,leaderboard,2026-10-07T11:49:08+00:00
1202632109,2026-10-07,29580.0,13769,500.0,10,leaderboard,2026-10-07T11:49:08+00:00
120401037,2026-10-07,42070.0,17384,543.0,13,leaderboard,2026-10-07T11:49:08+00:00
120662764,2026-10-07,41400.0,25555,459.0,6,leaderboard,2026-10-07T11:49:08+00:00
1223997665,2026-10-07,32880.0,13961,603.0,18,leaderboard,2026-10-07T11:49:08+00:00
122661059,2026-10-07,24600.0,10080,140.0,4,leaderboard,2026-10-07T11:49:08+00:00
123426273,2026-10-07,32850.0,21624,521.0,12,leaderboard,2026-10-07T11:49:08+00:00
124842679,2026-10-07,8310.0,4693,0.0,5,feed,2026-10-07T05:51:15+00:00
1264472785,2026-10-07,37430.0,14188,509.0,9,feed,2026-10-07T05:51:15+00:00
1268235870,2026-10-07,26870.0,12821,404.0,8,feed,2026-10-07T05:51:15+00:00
127220889,2026-10-07,6200.0,2880,26.0,1,leaderboard,2026-10-07T05:59:57+00:00
127939240,2026-10-07,141630.0,101604,2048.0,77,leaderboard,2026-10-07T11:49:08+00:00
128941231,2026-10-07,21600.0,9360,421.0,4,leaderboard,2026-10-07T05:59:57+00:00
130876232,2026-10-07,9100.0,5100,138.0,3,leaderboard,2026-10-07T11:49:08+00:00
132173149,2026-10-07,20700.0,8340,225.0,5,leaderboard,2026-10-07T11:49:08+00:00
133768869,2026-10-07,55200.0,27360,180.0,11,leaderboard,2026-10-07T11:49:08+00:00
136696478,2026-10-07,52120.0,27886,910.0,23,leaderboard,2026-10-07T11:49:08+00:00
1367246648,2026-10-07,18520.0,7859,348.0,5,feed,2026-10-07T05:51:15+00:00
139521986,2026-10-07,33130.0,16597,518.0,12,leaderboard,2026-10-07T11:49:08+00:00
141358214,2026-10-07,43370.0,16415,105.0,11,leaderboard,2026-10-07T11:49:08+00:00
143147118,2026-10-07,18470.0,13242,329.0,11,feed,2026-10-07T05:51:15+00:00
1433924818,2026-10-07,68960.0,32130,0.0,10,leaderboard,2026-10-07T11:49:08+00:00
145639218,2026-10-07,77320.0,38374,659.0,14,leaderboard,2026-10-07T11:49:08+00:00
146502370,2026-10-07,81910.0,25025,1022.0,10,leaderboard,2026-10-07T11:49:08+00:00
1467341794,2026-10-07,26940.0,18387,287.0,23,feed,2026-10-07T10:49:09+00:00
147744698,2026-10-07,7400.0,4080,117.0,2,leaderboard,2026-10-07T11:49:08+00:00
148422429,2026-10-07,16010.0,6576,0.0,6,feed,2026-10-07T05:51:15+00:00
1490218349,2026-10-07,21890.0,10593,427.0,7,feed,2026-10-07T05:51:15+00:00
150452047,2026-10-07,28700.0,10800,396.0,8,leaderboard,2026-10-07T11:49:08+00:00
15091569,2026-10-07,104670.0,39916,253.0,16,leaderboard,2026-10-07T11:49:08+00:00
151601377,2026-10-07,14110.0,7691,305.0,4,feed,2026-10-07T05:51:15+00:00
1526822034,2026-10-07,188220.0,171962,1662.0,104,leaderboard,2026-10-07T11:49:08+00:00
154154947,2026-10-07,16850.0,16283,181.0,8,leaderboard,2026-10-07T11:49:08+00:00
155939935,2026-10-07,30850.0,14438,22.0,10,leaderboard,2026-10-07T11:49:08+00:00
157934075,2026-10-07,34370.0,17331,110.0,8,leaderboard,2026-10-07T11:49:08+00:00
159220662,2026-10-07,26010.0,11944,496.0,8,leaderboard,2026-10-07T11:49:08+00:00
159549407,2026-10-07,38800.0,19740,725.0,14,leaderboard,2026-10-07T11:49:08+00:00
1598227059,2026-10-07,26600.0,11470,445.0,7,leaderboard,2026-10-07T11:49:08+00:00
160085499,2026-10-07,24980.0,8352,9.0,7,leaderboard,2026-10-07T11:49:08+00:00
1604453745,2026-10-07,28130.0,11680,548.0,8,feed,2026-10-07T05:51:15+00:00
160778013,2026-10-07,18700.0,10980,327.0,5,leaderboard,2026-10-07T11:49:08+00:00
162127012,2026-10-07,37600.0,16500,136.0,8,leaderboard,2026-10-07T11:49:08+00:00
162779719,2026-10-07,47670.0,19621,776.0,13,leaderboard,2026-10-07T11:49:08+00:00
164845584,2026-10-07,21870.0,12336,289.0,6,feed,2026-10-07T05:51:15+00:00
170365151,2026-10-07,36770.0,17050,96.0,9,leaderboard,2026-10-07T11:49:08+00:00
171043001,2026-10-07,85240.0,30632,422.0,19,feed,2026-10-07T05:51:15+00:00
1715534922,2026-10-07,20410.0,11040,10.0,2,leaderboard,2026-10-07T11:49:08+00:00
171942690,2026-10-07,41400.0,17839,15.0,10,feed,2026-10-07T05:51:15+00:00
171954993,2026-10-07,37540.0,21196,492.0,16,leaderboard,2026-10-07T11:49:08+00:00
173263106,2026-10-07,18400.0,6853,283.0,4,leaderboard,2026-10-07T11:49:08+00:00
174687887,2026-10-07,33880.0,19111,538.0,12,leaderboard,2026-10-07T11:49:08+00:00
177326285,2026-10-07,45000.0,38040,504.0,12,leaderboard,2026-10-07T11:49:08+00:00
177789904,2026-10-07,8000.0,3840,133.0,2,leaderboard,2026-10-07T11:49:08+00:00
1798679428,2026-10-07,12000.0,6720,75.0,5,leaderboard,2026-10-07T11:49:08+00:00
18447136,2026-10-07,60090.0,46235,756.0,16,leaderboard,2026-10-07T05:59:57+00:00
184714218,2026-10-07,39200.0,15120,799.0,16,leaderboard,2026-10-07T10:49:09+00:00
1847934457,2026-10-07,43490.0,19699,509.0,18,leaderboard,2026-10-07T05:59:57+00:00
1856298974,2026-10-07,17970.0,6618,146.0,4,leaderboard,2026-10-07T11:49:08+00:00
1884997278,2026-10-07,31750.0,14627,521.0,10,feed,2026-10-07T05:51:15+00:00
192114981,2026-10-07,11400.0,4084,55.0,2,leaderboard,2026-10-07T10:49:09+00:00
192170719,2026-10-07,254720.0,123964,1648.0,20,leaderboard,2026-10-07T11:49:08+00:00
195412199,2026-10-07,36400.0,17435,517.0,15,leaderboard,2026-10-07T11:49:08+00:00
195798436,2026-10-07,12980.0,6951,154.0,7,feed,2026-10-07T05:51:15+00:00
1975053728,2026-10-07,49680.0,16264,40.0,12,leaderboard,2026-10-07T11:49:08+00:00
198739620,2026-10-07,15260.0,7485,6.0,6,leaderboard,2026-10-07T11:49:08+00:00
1990613575,2026-10-07,40100.0,17725,350.0,12,leaderboard,2026-10-07T11:49:08+00:00
201644445,2026-10-07,35270.0,18166,653.0,12,leaderboard,2026-10-07T11:49:08+00:00
203802378,2026-10-07,40890.0,15013,17.0,9,leaderboard,2026-10-07T11:49:08+00:00
2045659159,2026-10-07,27700.0,14467,472.0,8,leaderboard,2026-10-07T11:49:08+00:00
21881038,2026-10-07,62100.0,22320,86.0,10,leaderboard,2026-10-07T11:49:08+00:00
22031923,2026-10-07,10100.0,7680,100.0,2,leaderboard,2026-10-07T11:49:08+00:00
22751016,2026-10-07,21340.0,9008,321.0,10,leaderboard,2026-10-07T11:49:08+00:00
23119791,2026-10-07,94180.0,42157,1150.0,9,leaderboard,2026-10-07T11:49:08+00:00
27521574,2026-10-07,71860.0,35246,182.0,15,leaderboard,2026-10-07T11:49:08+00:00
27799486,2026-10-07,325060.0,105535,600.0,37,leaderboard,2026-10-07T11:49:08+00:00
32097458,2026-10-07,42680.0,14588,15.0,9,leaderboard,2026-10-07T11:49:08+00:00
40109055,2026-10-07,60960.0,22234,33.0,11,leaderboard,2026-10-07T11:49:08+00:00
44986384,2026-10-07,25200.0,15780,333.0,13,leaderboard,2026-10-07T11:49:08+00:00
457061847,2026-10-07,63220.0,27132,995.0,16,leaderboard,2026-10-07T11:49:08+00:00
564463530,2026-10-07,65280.0,28247,465.0,17,leaderboard,2026-10-07T11:49:08+00:00
5696448,2026-10-07,15000.0,8100,153.0,4,leaderboard,2026-10-07T11:49:08+00:00
57443105,2026-10-07,24360.0,10244,303.0,7,feed,2026-10-07T05:51:15+00:00
578477417,2026-10-07,47010.0,26208,579.0,17,leaderboard,2026-10-07T11:49:08+00:00
636557046,2026-10-07,17140.0,7539,226.0,5,leaderboard,2026-10-07T11:49:08+00:00
666291145,2026-10-07,21120.0,9873,275.0,8,feed,2026-10-07T05:51:15+00:00
66797450,2026-10-07,56050.0,24419,987.0,16,leaderboard,2026-10-07T11:49:08+00:00
71248863,2026-10-07,166400.0,91020,1213.0,50,leaderboard,2026-10-07T11:49:08+00:00
72368028,2026-10-07,36330.0,16120,177.0,7,leaderboard,2026-10-07T11:49:08+00:00
75965267,2026-10-07,161890.0,54792,278.0,19,leaderboard,2026-10-07T11:49:08+00:00
77749742,2026-10-07,77340.0,35107,444.0,19,leaderboard,2026-10-07T11:49:08+00:00
78556295,2026-10-07,9310.0,79910,195.0,2,feed,2026-10-07T05:51:15+00:00
79725515,2026-10-07,42340.0,28436,240.0,14,feed,2026-10-07T05:59:57+00:00
79730738,2026-10-07,16910.0,6355,0.0,5,feed,2026-10-07T11:49:08+00:00
80529470,2026-10-07,25770.0,11567,408.0,7,feed,2026-10-07T05:51:15+00:00
80962601,2026-10-07,19250.0,10673,356.0,6,feed,2026-10-07T05:51:15+00:00
82957334,2026-10-07,11300.0,6300,38.0,2,leaderboard,2026-10-07T11:49:08+00:00
83776009,2026-10-07,27370.0,15019,470.0,13,leaderboard,2026-10-07T11:49:08+00:00
83920919,2026-10-07,52250.0,37263,474.0,15,feed,2026-10-07T05:51:15+00:00
84097989,2026-10-07,93440.0,69944,1002.0,41,leaderboard,2026-10-07T11:49:08+00:00
84341125,2026-10-07,99020.0,44611,477.0,14,leaderboard,2026-10-07T11:49:08+00:00
848542700,2026-10-07,13000.0,5460,0.0,3,leaderboard,2026-10-07T11:49:08+00:00
85695683,2026-10-07,12550.0,7150,11.0,3,leaderboard,2026-10-07T11:49:08+00:00
85736624,2026-10-07,57790.0,39459,696.0,20,feed,2026-10-07T05:51:15+00:00
85932943,2026-10-07,159680.0,59640,97.0,15,leaderboard,2026-10-07T11:49:08+00:00
88141864,2026-10-07,37750.0,15981,42.0,11,leaderboard,2026-10-07T11:49:08+00:00
88220077,2026-10-07,20040.0,10061,275.0,6,leaderboard,2026-10-07T11:49:08+00:00
89433618,2026-10-07,25400.0,9120,232.0,4,leaderboard,2026-10-07T11:49:08+00:00
91343174,2026-10-07,25930.0,14402,101.0,7,leaderboard,2026-10-07T11:49:08+00:00
91766687,2026-10-07,33300.0,12900,491.0,4,leaderboard,2026-10-07T11:49:08+00:00
91772478,2026-10-07,18100.0,10380,264.0,6,leaderboard,2026-10-07T11:49:08+00:00
92960264,2026-10-07,294660.0,251295,1744.0,53,leaderboard,2026-10-07T11:49:08+00:00
95413681,2026-10-07,29190.0,12129,536.0,8,feed,2026-10-07T05:51:15+00:00
95485721,2026-10-07,49830.0,44690,150.0,24,feed,2026-10-07T05:51:15+00:00
960965393,2026-10-07,18620.0,8450,395.0,5,feed,2026-10-07T05:59:57+00:00
972978970,2026-10-07,20090.0,8060,369.0,6,feed,2026-10-07T05:51:15+00:00
976304399,2026-10-07,49390.0,32325,680.0,33,leaderboard,2026-10-07T11:49:08+00:00
99068373,2026-10-07,18000.0,10800,0.0,4,leaderboard,2026-10-07T11:49:08+00:00
99914785,2026-10-07,13540.0,10432,194.0,4,leaderboard,2026-10-07T11:49:08+00:00
